"","RRN-SKG2-p1-65","RRN-SKG2-p1-66","RRN-SKG2-p1-67","RRN-SKG2-p1-68","RRN-SKG2-p1-69","RRN-SKG2-p1-70","RRN-SKG2-p1-71","RRN-SKG2-p1-72"
"768377abe500ad4d09c43a4532e533b1",2109,617,340,3329,281,2112,1736,184
"c12b77b8b00eee715945f54d3ce0bd87",0,0,0,0,0,0,0,0
"caa314c8bbe94ec49c4b5e7ac761c89c",2691,896,420,5042,98,3179,282,1046
"db35c906865fb1665ab2ed219d1e567e",836,25,2065,112,168,206,1643,144
"c40d1ea1bab89e3c59c66d9ebba95dbd",3541,1453,1449,744,2219,1377,737,322
"cece12865e81c96a523b3bb6a4511561",237,1048,54,298,11,482,1549,66
"e37bd8d25c4f0d8551e6c60839a726c6",1781,1145,645,2897,1842,810,698,1524
"4e0bb36a439dd3fb6aed584240302bf8",1898,1636,674,591,3429,328,1367,2658
"e7992c99e4dc5a41a9d2095b60916fb7",2982,583,468,2293,437,981,1289,55
"be89b9223dafa1f4d44080e644338f7d",0,0,0,0,0,0,0,0
"c3342d2a9a35fb23f494d299efedfcb9",0,0,0,0,0,0,0,0
"ab4f6ce559f19ba6367b9585e0c52d1d",1741,706,95,719,124,177,506,227
"cd2e6430004b650c755662597eaec627",1262,1235,521,0,190,1711,638,162
"456995cfe33fb271939359fb93d62adc",354,29,1791,31,225,231,876,194
"b5fd958c94be2774cec38e5b7dd9d7a0",697,0,123,1392,115,604,298,278
"e78f05269994d9639449c5f3b04e085e",214,47,67,86,108,421,75,45
"a15a22832ca67b051e451c8ce4ea5fcb",929,234,35,180,49,592,140,86
"311489528f0a97315baae027ec1de217",1055,0,909,1104,191,81,499,339
"2061ea71b0d492dad2a243d6b359a3e7",827,315,172,500,101,275,139,111
"a009250174a6396c22cbd6d4883ace66",0,0,2990,1548,60,0,172,454
"654b48c81387ba95154eec6fef598518",149,281,1544,57,404,42,66,202
"ac098a5f3395859bc2262b73ab81b31a",515,308,873,277,110,0,596,615
"714048209d2669178f0e2fb23837d0b7",0,436,0,77,82,0,89,632
"2c84a40f19efd36d4e86812cf7091ac5",654,19,1196,10,24,68,76,109
"7196309e808ea0a0343569ba13b6475a",436,131,821,172,1053,163,117,662
"a5061f5eecd9cbee899a26a2d9578156",604,426,10,668,69,877,26,32
"f5e7b0432a0779c0c404e9453474c530",778,315,0,198,1165,58,0,65
"ff34f3e665cf5786d9920bf736956fb4",317,32,0,0,45,241,0,155
"41eb3683907ae630bf57caeb4108fee8",537,221,344,335,31,328,245,150
"b1d97c60c73767882714fa378b70e01c",1022,0,1496,272,256,37,263,779
"b20ed1130c0078768af7146b7d1daecb",458,166,17,0,776,136,201,45
"a86625c0ccfc39fafc21cb9c7ba47373",262,132,40,364,19,479,437,100
"1568cee1e185a2be21b1b6b742cfed5f",28,0,46,268,11,171,257,213
"683d3199158cc84e30038d48cfe54e06",485,131,62,507,0,407,334,0
"d99cb74080ad60c13235050ef54d2e92",0,0,165,0,0,103,0,348
"c0a91f20b56212f02390bd7056dd0a55",931,0,1335,234,244,35,185,640
"92f0b3cf53e4c5c532d9bfd4cee8e2f9",0,20,0,0,416,140,0,339
"3094accdad582bf23aacdbd1522d0b5a",0,428,0,207,624,191,212,401
"a6c8365b5ed70eb46c4b19bc65769ffe",593,137,12,489,21,444,60,93
"798dd9a3facfa4088a8d5377f569f80f",223,284,341,65,582,87,203,106
"76f5d77ce2b8d7de1d4f7e29ffe5eb6f",605,106,0,0,742,119,50,113
"125f04f41cc107c9176bdabafecbbed4",222,62,92,272,0,172,80,92
"ae315182401e59d290661d54fc92c39e",594,70,196,187,72,63,96,0
"3ac588b0a9ed2cfd00a52eec1594b042",277,30,60,162,97,164,297,166
"5a1b49ed2eeb1f595a07330646fa90d6",33,0,48,729,43,297,142,82
"edb57125ed61b2ca06d40c1565c17126",0,0,0,0,0,113,0,0
"b57cb5f28c4b8e82daa1910674eb0b2b",236,171,0,103,31,100,51,0
"ef55bce7ac954799f71a07aa558d6376",447,171,0,0,0,539,0,0
"e40199ab8d6807f6ca149241a881a8d0",164,117,605,88,314,29,283,181
"d8dbddd14d3d62e80609081df3a3d322",235,274,0,308,103,250,0,0
"cd1032dccdcdadb3b177b8bfd184fe52",537,0,56,499,10,10,22,46
"2d8190871d82fb3c2841f72e3cf0724b",0,0,0,0,0,0,0,0
"abcab8af0afb7543cac830a57a526908",209,273,0,0,54,212,0,0
"c924dab705d2e28608e074f1268fae86",0,0,303,240,122,99,90,343
"c17fc141d99b421461df8379095734d1",0,255,0,172,365,127,186,392
"f27c18211f38a2b8824f2a0ffa75d352",9,0,0,6,54,374,134,143
"fa359e01cdc3abc65f7bc2bd1258c65b",0,36,16,0,0,0,0,0
"c10ed73be34cfdadf76bb611a2a56030",287,58,209,210,28,72,56,42
"0d79a0dac9f32c534e53b4c7dedfbf39",0,100,111,0,317,44,118,40
"24d5e2004c0981906654773dba703657",0,69,50,121,23,204,147,64
"47e2903c857da0c18a5cdd40793dc76c",200,158,54,12,379,9,321,147
"8cd009f35d2afc61f00069615c164c30",145,39,800,23,260,21,212,193
"295f37235bb34611b24ddb2577c9537e",0,0,0,0,0,0,0,0
"4c925188514712da5616a5aca0fb2fa8",0,0,0,0,0,0,0,0
"c245168365cce4596857f2332df0cf2e",0,95,707,15,216,80,62,59
"3535803aae48b2f949f8efa37147d967",254,48,0,114,22,81,0,0
"49db3e027ba1c2052a3dea50efa3f85e",0,77,362,0,89,56,40,239
"9e1e6091fc8df34c70d2758663e82568",0,0,0,0,10,170,0,87
"c24776374da177088ba0cec5e27c9cbb",0,0,17,108,0,0,127,0
"37f5f8250851c65dd9d93ae7231129f5",0,51,0,0,0,0,0,0
"b0e37900ad08b951c98842b80a526631",0,80,400,127,10,14,55,53
"f50b35619ea5c65a041acf1dd0265d37",0,0,578,0,0,0,681,64
"a7297744f69f2d8adabab16eeed894bb",453,43,431,205,392,23,0,0
"93c0f37813b2a258b25612e08ae3e453",135,87,5,200,30,189,102,43
"a04152eb23b2b714891a76b94fc50d13",92,0,47,261,0,171,236,25
"99058d28f6858a433fcda1fd5fa06ea6",412,8,35,203,12,45,59,29
"a4ab293fb73c2a48d7810ee5b47b637c",154,61,191,64,202,53,227,174
"4e7d0b5429c3e451c8c395a607aa7a99",237,0,69,439,0,84,188,65
"b46d626504e4d76b762cea230ab118f2",92,140,0,0,0,100,0,0
"36cea88ef583f67d3a52984894f65715",0,0,0,0,0,0,0,0
"dd529174080cebdb024f3e4d9bdd445d",0,74,57,14,133,12,0,99
"a0800ab251ba81491f76bd9fe4302bf2",56,345,18,39,216,75,91,25
"2b941653d30daf6a50a4b78170472652",1106,39,63,0,197,49,139,509
"2613b4b2d006dd9bc1b9dc8904a3f766",148,94,176,0,112,61,158,56
"438fb020cf251f2c2f4e89552e4a78ff",0,0,0,59,0,64,15,0
"ffb89bf74719fd1007193a724b718b52",6,51,260,0,75,8,46,51
"8ba00d4f6a265baf153471331a0558fc",0,0,131,1912,0,0,146,43
"67dabcca2b2e37bedc0505eb9112c387",332,0,128,25,102,57,181,58
"f00b40d9dfd549fc8240a0dec837bf53",0,0,0,0,0,0,0,0
"13c07d678a73558a30551df04730edb1",424,47,93,106,156,45,20,23
"96bb35ad57d9c30cfb576f6f7440308a",40,48,89,0,64,0,49,151
"263d0a190cbfd2e575aef3235aa9b436",26,31,18,40,13,33,59,18
"f8daf40b2587101f94d6d4bfeb1d11d5",0,0,361,0,1483,0,204,246
"bee5a689430c7e5618820f3d2c601981",0,0,0,0,0,488,0,150
"fa3d5c2935a9c53b20ced338d2075a69",108,155,0,0,25,139,0,0
"5304ca26b82fbfd97adc1f725bcc9133",0,0,0,0,0,0,0,0
"a33fb9559e6006647c10f7a323dea54e",65,82,27,0,366,47,12,0
"092d4585b8b75897b214ea1d45fe19f0",80,82,101,236,38,62,138,38
"d8f123d97b4fbc3dba79622d01d2747a",0,0,0,0,0,0,0,0
"83bdb2d026a7c79f2f9b858f0c171c70",70,43,31,448,15,76,51,31
"3f408486b8a7486bb4466732ec7740cb",72,62,48,15,322,25,280,386
"ad22d170d549ba4db81211353bc8568e",185,0,149,131,242,0,36,0
"49387f7b73d905e75b5ec8559b75a937",0,83,143,0,376,23,0,7
"d4f63e5e348cb7f2d033d3a28d8fa1d3",196,37,117,85,76,24,82,117
"5b643b8c822a6a791cb320a3af5c8ed4",366,163,0,0,49,0,0,0
"00c3c59e2bb028eeef1be0c19526d989",0,0,0,67,0,0,99,0
"de903f144fcf6440572387e2c24a0651",0,0,68,0,0,0,98,37
"9a30c00b891302a4b54a45efbac94641",173,39,195,10,310,7,192,124
"049343c9e656ac2f7451533fb567e3d2",0,90,0,0,208,0,0,38
"3df90b281d312e08bd8b79c9e535d625",42,53,194,16,133,16,0,0
"47e502f3606777b0c5aa1630dda7df87",124,0,0,0,129,0,96,79
"c6b5af7e07b9b826ae97b6c03156c6f7",0,0,79,1009,0,0,54,204
"b90f7bd0c6c341cbd12e420ca0e66566",106,67,45,0,314,13,12,0
"57949094538fec707cb6cbcadc00a32c",0,0,1701,0,0,0,0,69
"c440a62b6ccd1e12766c1adacf0e8ebe",21,21,21,218,14,51,30,13
"91259fa701297313807b29ea733b4ad8",0,0,0,0,98,44,0,125
"a386bec386f80a4b2550c228abc4f758",0,0,0,5,0,440,6,189
"01fe2ad4c2e075979225a4966bb8137a",18,0,0,0,8,0,0,0
"6ac825e56996acb620290f386f778abc",0,0,64,520,0,0,101,108
"935172fb45a35d47535c80b28b4c6708",0,0,234,0,155,532,0,0
"e77e36fe2c83667fe59ffc0b049adfca",0,0,429,267,0,0,0,21
"04e5e80d3d51a845be3c3ece55ac3600",119,21,42,0,28,0,38,119
"7efca13cfe65b7246dd5384dd4aac4a1",106,0,0,125,8,206,36,48
"e5a669a9d2abfae01c49cdb28937649f",0,41,0,16,44,384,112,121
"7c5afcc63200c0c53d44c479b3519aa7",0,0,0,0,0,0,0,0
"0ee500a94c90c867463d26e941a1165e",326,139,0,0,0,0,0,0
"9f9744e4fad3f2caa93cbb5ceda3c187",0,0,0,0,0,0,0,0
"45aa1cb25b9e01293c2aef67e55877e3",237,19,80,18,99,32,32,60
"2be36e7c53a1ff9b53b596ce97533e58",26,30,65,0,126,18,88,36
"becd943d184ef893198b2118f8ff9bf5",105,12,180,0,132,4,117,25
"1cdedc5e590c48596c5815727eeabbfd",0,0,226,35,0,0,154,165
"b13afa0295dceb8ed5edc5d742c86963",99,0,0,70,0,63,0,0
"5023c0a25754b6dfa19144016e404afb",395,0,0,0,0,94,0,0
"a91216d80a4599a8cdd62b9575a5d87b",9,55,66,53,16,0,62,0
"df61a14bd5475bb09a2a86ad75a4c200",0,0,116,0,192,24,63,0
"5b858ca4949fd9cf5bba89756b01f26e",67,38,54,0,143,8,63,44
"e86e57d9904a717936272a51ecdf19dd",0,0,0,0,0,0,0,0
"6827eaf6fa512929f14eb3048bb78225",110,0,35,304,16,23,9,16
"11e18618bead81e79a362a5ef2ab38b8",60,100,474,0,237,24,244,52
"4dc6345314771ba205b679bfd2716617",60,148,30,153,166,122,215,119
"a79e7d52e7d021dc9b9e84c6e129aa90",376,0,0,0,250,33,0,0
"6075297080c6b17dd53eedfcb7a52289",0,0,0,0,0,0,0,0
"4322f71ec394024540834021c505ed8c",104,0,13,0,1045,0,121,0
"cb71c522249f3d076c7b9f2c5edb629f",0,31,72,0,0,7,0,12
"bcade5cef4bdb103bd6fe90c01a1849f",37,0,33,22,130,21,124,241
"3751267c5fa85eb61e9720471cda2fe0",36,21,0,40,40,11,0,0
"8f20e8d05e62fad83c0accad82df42af",125,24,45,77,26,52,58,52
"7e45c1eba7bcf3fc1f0897986d8ecefc",31,106,0,137,123,86,115,81
"eb4ff00a10df215990f2106db5ca20a6",24,50,0,48,0,32,112,0
"973eb455dfe8f370e17ec4458bc532ee",0,0,0,0,0,0,0,0
"492106d65d13feade3f768693872e83f",0,0,0,785,0,0,0,0
"011c302244e3c971a9d8991af8bf599f",403,0,0,0,0,78,0,0
"0ce4e8cd9e2298fd90b1805fbfd6d161",0,0,0,0,24,19,8,124
"377f74e2ecbc10a3aae743befaa94b42",0,0,0,0,0,0,11,0
"2ca55cb0488522690d66eafbffd6fcd1",0,0,0,34,0,57,72,0
"f773225220a5378c11e68e7e2d2febe2",14,22,91,0,0,0,62,23
"0a61241a2a82ee5f9e8ff159db32a7a6",0,0,386,0,195,0,738,272
"9a411c8b3e5ec4ac44fdda9881261699",137,0,0,0,177,19,0,0
"49b77706933ceab60c44c5e5beccedcb",0,0,0,0,0,0,0,21
"c6052f784c9c2675923c25f8f3587e7c",32,0,87,0,247,11,103,99
"f5d873dbd84ce42d9e8f04c82b38ecfc",65,24,47,61,29,29,50,23
"85e67a2757c2fafd35713b304c022fdb",609,0,0,0,16,13,41,26
"ed8b5dcc133db64e16326537f2f64c4c",7,0,16,0,133,3,22,43
"9f1d6a5a3171867ce92d627a3b4b557c",0,0,0,0,0,0,0,0
"6011318139ef3bdd925055b3c612e6a6",150,0,0,0,172,0,0,0
"d86bcd00ae39cc7b7a105cb9364b8d30",59,0,237,0,43,0,95,0
"ff408a41338d52c3115620bb5ef44b87",136,29,66,0,49,38,45,0
"1b4eb07d78bfeac60a6995109ec82487",38,0,21,0,87,0,65,63
"178670df40d252c6323d40b81060628f",0,0,0,0,0,0,0,0
"bd066bcc193fc86c43dd9c77c795ceec",0,86,0,0,0,57,0,63
"aecb167f1e300f126360c6623584d317",0,0,45,0,0,0,892,79
"b0dcf682d2bef5d4471797e8def4e1e0",42,43,59,0,53,11,39,48
"baf4416c38587d0c5222895b3d08f5f9",0,43,38,6,122,24,57,59
"f6ba32cdec5722e5848761191cd8f3f7",0,0,0,0,0,0,126,143
"40eb1902a8775ed65a9b4b05a9209aa6",0,0,0,0,0,0,0,0
"4ffc59a4f2fc9339077a288b0ae1e3a5",91,18,64,26,60,9,49,49
"bc14c38f50bd718c07a6fad8d0b974f0",67,7,10,0,117,53,141,41
"ca09e3f82be57fbf5a843a5012ba01ae",0,0,0,0,0,0,0,0
"634260cc29df8c70fdde3bbac5121d66",83,6,0,0,94,0,111,71
"3c039c131d1d5538b3699fd245f354dd",72,31,0,233,0,0,0,0
"c0a64c29b86aa9015d95d6ac55f9ddaa",0,0,0,0,191,16,171,43
"f1861d5f09d19a81547ab0e3792c2b77",0,0,71,0,0,0,304,87
"7d64677a29ebe5c57f9e95558cea9241",0,0,0,0,460,0,0,26
"d8cf0ec201f75ea7eef1d6508f4492a5",9,26,65,0,25,19,11,19
"f399e9e512f1901cfbb178f25b35c429",0,0,104,32,0,8,20,11
"2fd1d1213a4ed89ce119a041622b39b0",43,0,43,0,89,0,0,42
"9d07979519eb2f5d922d5d4ea75ed32c",0,0,15,135,0,0,34,31
"17081b11b8db7733e28dbdf4aaf74b53",0,0,0,72,10,236,40,20
"89343d85f6982aeab48a11dc52a8168f",4,20,8,33,0,19,57,6
"91223854ec20c601a97cd8043f1816f7",112,22,0,0,0,36,0,120
"1b2eff75b5ddbbfb5d6ae504c864ae34",8,0,0,134,0,0,0,0
"db7289690f70cc3fe5dd7f6a68dec65b",0,0,108,0,411,0,62,60
"ba493d86a7a7c513995e13a7ceebed81",0,0,0,0,0,24,0,0
"25c4efe0035b7233fde7a2dd2d83e0a3",66,0,485,29,8,0,52,59
"e3b211d560b5b2aff7de2d585dcea6b8",37,0,40,0,8,0,53,78
"f14927172c88e709d0dcf6e6a10232f5",0,0,56,0,142,0,0,0
"7eaf948ec8dc1b946f75f9dee2ff1691",0,0,0,0,0,0,0,0
"052203998fe10109b9a42cf3b9a3327d",43,36,0,0,123,0,0,0
"3de3bf92837333d25e078fb6947a574d",16,0,65,5,0,0,175,27
"412726c4973e6b2f33ba8b2ddf4997d1",0,0,0,0,28,15,0,304
"35793d3b1419be8fd4ac4eb34049f9d3",0,0,0,0,2,125,36,73
"e1f25824b3a1bfa4410651cd4dc9f804",0,0,271,0,87,15,0,0
"de5818f82e62a71571569ca55cbc91d2",0,0,0,0,0,0,0,0
"ed77fbb032e00ccb7e895fe1f6d8bd79",0,44,0,27,0,0,0,0
"d4d6a8541dbe65c7237c826a01bd3c88",0,0,45,0,119,0,0,23
"c6fda4b9a67c5c303ab4f2116a1197e6",37,42,0,25,6,22,20,0
"8b2471c362e3095d9cbc85486a25605a",0,0,0,32,0,34,36,0
"c973282c675d1bd6d51aa1b8a3579c80",31,0,13,146,0,34,36,23
"9a91fabdbe0a8574f4021c0eb8737b08",0,0,0,0,0,0,64,0
"667fd6c8bacb2d3d95a41b43ff8accc9",0,0,0,0,0,0,0,0
"cbfe7c55d6fd20917833a65f9765a171",0,64,0,0,110,0,0,0
"977934f6974142575e69930151c3cd25",0,18,0,0,103,0,25,12
"de17fa4e217c05126bad3d8e4a5ed1ae",0,0,0,12,3,2,17,5
"f5a06f8f56274c99cf775157e27645c3",0,0,231,0,0,0,240,0
"37f237e4f643e74f18c07cade4c44034",36,0,13,0,121,16,0,35
"ff37ea8fc95f5bfb92384002c367ea19",0,0,0,86,0,0,83,0
"ae7474b9c054130787339740e2779a4d",69,14,75,16,84,0,70,64
"75ddc6024d4af3d7fe5b7f54cfe9c9e5",53,0,53,0,55,0,53,33
"6c00642a0e512f4c6e427ff9cf357af4",105,27,20,10,61,11,70,31
"f7740fb251b4636f610015fdb43d2c80",0,0,53,0,0,0,0,0
"61f50ba1b6017e968d69db3062972957",0,0,0,0,54,25,0,0
"280a5152b14cfc86c66c4523aa6381a6",0,0,0,135,0,107,94,12
"6f03298d0194c6975872245635e258ed",64,32,0,0,118,0,0,0
"7669497333aa7e7597417f1e906e3fa0",11,25,247,0,59,0,0,0
"c3f4d4259802b6cd0b22835226c1cbee",0,0,0,220,0,0,95,75
"a0568b87af47b555eaf1fcd9add1d286",0,0,0,0,0,0,0,0
"6db1ecacf0a9069bdc3769d566e6bc14",28,16,51,11,25,10,43,16
"545b120f25545515643b35984b099408",0,0,0,0,0,0,0,0
"a6fb0cbabe0b67b00a8eb4a77fa000ae",0,0,77,0,0,0,23,34
"2bad3c63e6f2fd15b310a45bc6e577ec",0,24,120,0,19,0,0,11
"5b5a7c22bfeb0dbcb9acc7cfbba03973",34,21,36,0,37,18,44,90
"ebf26488d3ecdfa510a229e6264b919e",41,0,54,46,89,0,0,41
"68035777788ea6e748bc3260dbafda27",0,0,0,0,0,0,0,0
"3906dd03f2b0949bc29600f84d0aacee",0,0,0,0,0,30,96,32
"f047a452cbefe36e5387436bbaefe060",0,0,0,0,0,36,0,0
"0af9830f7b7716de44f5359bc1ae3c9c",0,61,0,0,0,0,0,0
"ff6e972146409510840335e9d80443bf",0,0,0,0,0,0,0,0
"e452ae0652b0c229e17859f036df47c3",0,66,0,0,92,0,0,0
"a51067ad2cca1510c3d92753dafdcd26",0,0,0,0,0,0,0,0
"d412f2ebfc79a7a0712ca6752e1ca61b",0,0,0,0,0,0,0,0
"c186cfa9a4208738fc0f205ed23aeab7",0,0,172,0,0,0,174,0
"3f6c62a018f99ca18306bf8ba48abb2b",22,0,34,10,43,0,10,9
"3dfe193b1e846e30942fb86736b6b01d",39,0,14,28,0,0,46,21
"ff273b46e04c7f4fc633ef2796f8078f",0,26,182,0,0,0,0,0
"079d925c0948d498f5800e37f48a8edd",0,0,68,14,18,0,142,70
"9c43f828afa88e219bca73090fe9ae98",61,13,0,0,86,8,0,0
"d708edaa2dc4edab202eaf86e9f7b942",17,0,0,0,20,9,193,0
"759128bbc80be1287e3c60023d11d097",23,20,19,4,85,6,22,45
"45063994e70871d6d2e0c25bb1a09dfe",0,0,0,75,93,0,0,0
"de27203d3c4e9588d0d47ab4aad87c91",0,0,0,0,0,0,0,0
"0bdf850971f7e6a1d0b32b9cd450cbe7",0,0,0,0,0,0,0,0
"b40c1e76a7341d5491cc688b635f2250",0,0,0,0,0,0,0,0
"fe1676b5ba6b0c898b18888a46606766",17,23,14,0,293,0,0,0
"ca02f928beef8c3a085931a4c0e69e36",0,0,34,13,0,0,0,97
"07787e737d44760201efbd113f60847e",0,0,48,0,0,0,24,245
"b2df9d4c51c8ef09886ad11690f85b1e",0,0,0,3,0,0,7,169
"825f598de4a219bfba08a08d52aa8047",0,0,0,0,0,0,0,0
"afaed5b814af8fdf712ee3a2f6e146ea",0,0,0,0,0,0,0,0
"915723a740899da0254402f39cd5c7c6",0,0,0,0,0,0,0,0
"e0c7981d732072d76543cc1d74830390",0,67,0,62,72,59,82,41
"f75fddf186b132b610538f91b4a346e9",0,0,0,0,0,0,0,0
"da12d3e2cff9cb8f6a4a1ebe95a6f0df",0,0,0,0,0,0,0,0
"1074f9ed7b28b8b17fc96f9714173a9c",8,13,47,5,60,11,28,28
"d254c6664252f2086b4f33679e0eaa52",15,8,4,102,0,16,14,19
"3787a1d743ae57779baa99e0f18d02b7",0,0,156,0,43,0,0,0
"0a563032723c099422d27aafe3f66d61",0,0,0,0,0,0,0,0
"ff6a1a59ac7ce80d358b3a2a60112c35",62,0,0,35,37,0,0,41
"db66ab43add889efc6f36d999d74bd9f",0,0,0,0,0,24,15,0
"22a17749bbb110aef9e907aa03b4b7c8",63,0,0,0,0,0,0,0
"3ec12e930982c085613a2ae0c86b1e87",17,19,95,0,74,0,0,7
"d30a5ea4873ba38585373d4ce4fe66bb",0,0,0,110,0,0,0,0
"4080fc5501b77fa7027f0f557efe0fab",72,7,9,86,12,12,14,10
"fd099b9f482cb8e4e288e24954aa6e87",0,0,0,0,0,0,0,0
"4afcf81be0dd3de6b438c502f475e6f0",12,0,0,27,0,18,0,0
"1d25d87a68cf428819cda7e7f9aeb013",0,0,0,0,26,0,0,0
"7488af1936f72057588707fd370a0cc1",29,16,52,5,33,4,15,27
"4f72566263aebf3aa0d2f7364a25acb6",0,0,0,0,0,0,0,45
"a6970116ae8283f69ee96e0a71204966",0,0,0,0,0,0,0,0
"c0bd434fcd462b91ff5b1226c98d9a78",0,0,59,104,0,0,0,0
"edfb2b04eb51bbdec15487ab4575ebbc",33,0,25,7,0,0,23,47
"e776abb839c8e7bc4f58a5687e6a9957",20,17,12,11,6,10,11,11
"802af93433e3f4f5a6e0a9714c0159fb",0,0,0,0,28,8,0,0
"78714391fb474bfea2aa5f23f631b43c",0,0,0,0,0,0,0,0
"9a52a871ff3ac06a2228bda5cc8515b3",0,18,0,0,21,0,0,0
"b00cbeb9749795e579bd50e157146f0d",0,0,63,6,104,0,0,10
"9b0cde19c4d9fff4ddd44785f84d7cb7",12,0,0,0,217,85,0,0
"8a88f51fbbd1cf4036edce693eabc86a",0,0,103,4,0,0,15,42
"bb29f4fff8f958da41c54e68598cec17",0,0,0,0,0,0,0,0
"ae4647a100f59182c75b14b3919a4e16",0,0,81,0,40,6,25,11
"e4a9e9c32be30b9b1521b127c00e10b8",64,24,0,0,0,0,0,0
"81b1f902427151307c21d028a08754eb",251,0,0,7,0,5,0,0
"2266592eee2c0c8697e69e52a56c34bc",23,8,48,0,42,0,16,15
"2b0d2ad47c63e2a71c6d9a6a62fb69b5",0,0,64,105,0,0,0,28
"e425d30a54d6396b9ab3d17c5179a895",9,18,16,0,53,0,21,13
"5679e5287911c0694f8809a87fc05a99",0,0,0,0,0,9,0,0
"ef8efbfe5760ccc4123ac912c970f33b",0,0,274,0,0,0,0,0
"35d2f8b8ad9de9444aa1b7e640222502",0,0,10,5,0,8,0,8
"ee36824cd8ad5db2f54f604848c720a0",0,0,0,0,0,0,0,0
"cbb40ac3f0968d38da239a336e8eb8bd",39,13,19,11,0,0,20,0
"2fe3737deb27fa6fa2d650112df1778e",0,0,0,0,0,0,0,0
"d0155336ffa7f129ad6963c67f7036fb",16,14,0,10,0,0,0,21
"0d7f319df9285fae6a0f013bd1164bbd",0,0,0,0,0,0,65,124
"e3e8c8f2a808212211a492a44f04ae35",0,9,0,0,85,0,0,16
"7b7f3706e2803ced3a3eddfa7887e7dc",0,0,0,0,0,0,0,0
"5631b302b57ede8896a3fa736f20f29d",0,0,157,0,0,20,80,29
"46c74fd47e38ddd5c5af4546cb252178",58,10,0,0,0,0,0,0
"aa94acc7a25ce926e6bcd07cb04e493c",0,0,0,0,0,0,0,0
"7af67be0d9ed7f787e7119a047559d23",0,0,0,0,0,0,0,0
"ebdb83c3ce6ffb9baa5d797041283e86",0,0,0,36,0,0,0,0
"4603e865f03405f110107a2a0778898a",0,0,0,0,0,0,0,0
"1e2ea84eb26311326d2d090787fcb40c",0,0,0,0,0,0,0,0
"989fd0a6528155676a5d5d01e80b383f",0,0,0,0,0,0,0,0
"083df9ad87247751a70a15c82f7faab2",0,0,0,0,0,0,0,0
"d2399f4a8036e57f6eeb8f0f69215562",0,0,0,0,0,0,61,47
"3f539434775a56620993cbccf2d98e16",0,0,0,45,0,15,25,11
"1f98b5d48154d1ce984cfc66a8b65a6e",0,0,0,0,0,0,0,0
"058109e0b5a4f748549464e140bc7b16",0,0,16,17,11,6,34,24
"e70657609eb4ae57afe360e5ec01314c",31,0,0,0,37,0,20,5
"56822ebe4fd950418402cf55ebb52dc1",0,0,37,14,24,0,8,10
"b124cc19f9c82428804b0d52b3b05d6c",6,0,6,0,60,0,17,0
"7770443d2c73db3247219f44c85330b6",0,54,0,0,42,6,0,0
"c0eccae8e154d13aa82e92653066d42e",0,0,0,0,79,10,0,74
"abf7d8f150084733736307be0ce95c30",0,0,0,0,48,0,19,9
"fd01e2ab403d86b6ab318eea174666c0",0,32,0,0,63,0,0,0
"9af0ba27f1dfd382f8156894006a1591",0,0,33,0,0,0,0,0
"3b5ef8d8e098d1ec651f59de56e924bd",0,23,0,0,32,17,0,0
"876d6d3a6f1a901fd248afda52f3cc01",0,0,0,0,0,0,0,0
"0c41a8de0ffcb34539d5c8b6a7bd4fa6",0,0,12,0,0,0,0,0
"5eb00136b8c688e7c3dd88c3de9ef157",0,0,0,0,0,0,0,0
"cf4bdc4ed70536c33813e1ef8afaa346",0,0,0,0,0,122,0,45
"10b16fe701dd82828f082f7a5d8d24fa",26,0,45,0,0,0,41,0
"5e13009375da5cfa8f05fc40e9712165",6,0,0,0,0,0,0,0
"2e2272c7c1bb95fdfdb3a6cc8bb0898e",14,12,11,0,29,0,11,23
"5d4ff78b9dc0360d80817894db22ee56",0,13,46,0,0,7,0,15
"7c60bd2ffe3eed870549edc57875acf8",0,0,0,0,0,0,0,0
"7e5a3748e1049fcab7a33644f081f624",0,0,0,0,0,0,0,0
"44f4ecbfe2d833590e6ecd011ed61ca5",59,0,0,0,0,0,12,0
"264d967e6d61a657b841b0165db6464d",20,5,28,0,30,2,9,7
"9f6fd195b93d2d40e2903b6d863677ac",0,0,0,0,0,0,0,0
"58c7ba91102b6ee7aaab99d7b3f36c0a",0,0,191,0,68,0,0,133
"3b5f8db9835e4d85d69155b8ca5ff501",0,0,27,0,12,0,0,0
"fbe2069406aad2124b5c49ecd8652786",0,0,0,0,0,0,45,0
"191cb3debf03ffc16d837e248efb21fc",0,0,0,54,0,0,0,0
"8168fecc913b990e955fa2decb810304",0,5,0,7,0,5,7,0
"a48efa77549a0058f29816ef3038a36e",0,16,14,0,0,40,0,10
"89c959a463cd1d79fc961dd82e9bf646",21,11,0,0,0,6,15,23
"c1d24981f58599e13be2cf56914514b2",0,0,29,0,25,0,0,42
"3c21a25545f66a1d1d582e5326eaca89",0,0,0,0,0,0,0,0
"8517ed72f5e84cdc5d3bcebd03a7e2cb",0,0,0,0,0,0,0,0
"8f09353dbb511165efed328783351b0e",0,0,12,0,30,0,36,41
"95d6be85c2ab9b27e165e5ab423912b6",22,0,8,34,0,14,30,14
"c73e73b4e1f6aa7c809ffb45c9618e6d",95,31,0,141,0,97,0,35
"e2ef3abd77edd102b5b735f7877d8cf1",0,0,0,0,0,0,0,0
"6bd2185a56cff6b88545aa498073d31a",0,0,0,69,0,0,0,0
"61d0330a272f46f04f8ab58a3ca2c2ed",59,15,8,22,38,0,5,0
"40c56cb28e07fa9766002bb936d001b2",0,0,0,0,0,0,0,0
"fbc9130b19d921940dd7cb438ecd664f",0,0,0,0,0,0,0,0
"d1621b1b461a27804a2d6992b07f3277",0,0,0,0,0,0,0,0
"6a22da61897188540865f4c16c4683a4",0,0,8,9,25,0,17,0
"8a61ddbe5c3c611b20152216f324e90c",0,0,0,0,0,0,0,0
"cfb5dcb7389d1fb5a131a5f6882ea33f",0,0,24,39,10,0,5,30
"d5c23d9f95487051cd2a26b4d254eb5d",0,0,13,0,19,0,19,19
"371e17aa1dd409acab1a21231405dd35",0,0,0,0,0,0,0,0
"547c05cd6cde04a51dba35d18340f60e",0,0,0,0,0,0,0,0
"5a70c8e5e86d7559a18ac1665617c395",0,0,0,0,0,0,0,85
"0ee9b88a9a8ea5c8b3b0cd26f956ec70",4,0,14,11,0,0,12,5
"b43619cdd488df6a8695280ef7716fd8",0,11,8,0,0,0,0,0
"5d8284f5d0fe52824d7c773341c82b43",0,0,0,0,0,0,0,0
"f31cc594dfad2bdbae236d94d8fdd813",0,0,0,0,0,3,3,0
"fc4f1910689e1f8d5f98a11f522acb7b",0,0,0,55,0,15,9,7
"09b621ca6c618773238d3822c48a5b6e",0,0,46,0,39,0,0,0
"c5ab8b981b1cef0e5fedc54c1faf2c68",0,0,0,0,23,0,0,0
"b9c3d0237da5243115a34a7569922813",0,0,12,0,42,0,0,0
"4999c2174b5fa85975a36bd365ed1116",0,12,0,0,83,0,0,0
"27e5c7ef9b8985741533687d018087c4",0,0,0,0,0,0,0,0
"6db3617f51d8650ffe5278591c86f0f4",0,0,16,7,15,0,34,18
"86f95e75f420d2c03895ca7c0b078d33",0,0,41,17,21,0,14,0
"e55dcdce34559d07d72a08aa0bc3fc97",0,0,108,0,0,12,0,19
"617f0e4d900a49346bbbee1923475ae2",0,0,0,0,0,0,0,0
"86b3207da7b315a8e952cbeaeda84097",110,52,0,0,67,0,23,0
"72bb352ecf45876af527dad45469fd1c",0,0,0,0,0,0,0,0
"8fa1fb93a25503c543337086b2abb9a9",0,0,0,0,0,0,0,0
"3857c82bad8f0eedd9bd03f69ea1c3f6",0,43,0,0,31,0,0,0
"523be87e4615569d96876c7d5ecdee0f",0,16,0,0,0,0,11,0
"9d894957ef6568842f0882cf6b36595c",0,0,21,0,0,0,13,0
"fb1ad318db09b328f1824b03a3f9daf7",0,0,0,35,0,0,0,0
"d20eeb7b9c54e11324799795b40c529f",0,0,0,55,0,0,0,0
"5d5f6988be5f50f11092e05f4a87e8fe",0,0,0,0,0,0,0,0
"821f41a7282e6bb21a9a11e3eb1c351b",0,0,19,0,0,0,9,14
"2fa988aa1d6a66da0c44a3b902056b99",0,0,0,0,0,0,0,0
"1188c1b5a5140c35de894313d9ccf8d9",0,0,0,0,11,0,100,0
"a86e9c4793f91fa5d32ac92b60ab90e7",0,0,0,0,0,0,18,0
"031576b29e776dff6924cd6319f5840f",0,0,21,0,0,0,0,0
"e61530481f0a412ecdf41fba621fd07d",25,0,0,100,24,6,16,22
"ba2d2edbb55738039a206474d26aae01",0,0,0,0,0,0,0,0
"46a9bce4deb54b24813583e0f9fb9cca",0,0,0,101,0,0,0,0
"7a1c24db27e77cb05b5a05e0a9c439e5",0,0,0,0,0,0,30,0
"b4ee4abab92d20d92dc53ecefe4f25b1",0,0,0,0,0,0,0,0
"0425d580a9521c4e1a833b43bf4171e6",0,0,0,0,0,0,0,0
"cbfd0862915cf0fb23c5349aade62217",24,0,0,0,0,0,0,0
"bf210a4d333b9212ef5c19f3850a357d",0,0,0,0,0,0,0,0
"23e36755aad7ff73733fed7c3db1dbc7",0,0,73,0,0,0,0,0
"082c1b1aa45de90bca53ad835406e52c",0,0,0,0,0,0,0,0
"d319ec611d0eff414b496b2e46d5dd6f",0,0,0,0,0,0,0,0
"ca0d412ac4579bcdd14e08eb3f279978",0,0,0,0,0,0,51,0
"4e69b9303bb824e5980ada93d18e1876",0,0,0,0,0,0,0,0
"594afafd881e9e569e395a7c265ff90e",0,0,17,0,22,0,0,14
"d127a83b83ab12fb8bb5b9092670dc5c",0,0,168,0,0,0,0,11
"82d35bf6c80d4316579bdbd8f8384ec8",7,7,0,18,0,7,9,0
"694dd510053de612f7339e2747acd98a",0,0,0,0,0,0,0,0
"e477463b4dcb1a5536a6afcb70ec97bc",0,0,0,0,127,0,0,0
"94a568cc39cec1a513a616ac25053aa2",0,0,0,0,0,0,0,0
"406cd07cdc08bb7f56dbb544226a2128",0,25,0,14,10,9,5,0
"4d7f9d157bedd5d6078d6465764a53c8",0,0,0,0,12,0,39,0
"b68ab805a5fc6f497043c5e8757afa72",0,0,0,0,0,0,0,0
"40f52df59d57833dc173b1dadc29f04b",0,0,0,0,0,0,0,0
"c22ff4ffe10a315708619e87a9d53ea1",3,0,0,13,0,0,30,0
"1534624c92199f6a70c32bda79d91413",0,0,0,0,0,0,0,0
"cc5bc9e52301a4ba41a41749d7ecf988",0,0,0,0,12,0,0,0
"41138e7b60e91cac637e93bb1f9ea456",0,30,0,0,0,0,46,0
"d10251383348c3df362779b518475eb8",0,0,28,8,37,8,25,31
"8e0a24cb4d7b3f57b9854b98bb776cbe",0,0,20,0,29,0,6,15
"9b4f9e64f83ba33e2555cb8e9e71fc42",0,0,0,0,0,0,0,0
"263470bb328f33fd97d7add60e6bc232",0,0,0,0,0,0,0,0
"4ac00a18a91a648a417a7244c93be36e",0,0,0,0,0,0,0,0
"82084e55f337834751c24191dba004bd",0,0,0,0,0,0,0,0
"9fb7ddc21550f9dc2a5d738067e8a4c2",0,29,0,0,0,25,0,0
"d9463c2865b810c00f2975e8f8b6ab9d",0,0,0,0,0,0,0,0
"86eefbe75171b4039a0f9f6deb28d838",0,0,0,0,0,0,12,43
"b7e26970fe4fb166b4c409cd3743cfb1",0,0,0,0,0,0,0,0
"99f597c88d7c927dcb2706b389b701e2",0,0,0,0,0,0,0,0
"468c447767d136e8fe7769be25ae1573",0,0,0,0,0,0,0,0
"deb190ea6a267dab24ebcc3da50348c8",0,0,0,6,19,0,0,0
"300abcb8d8b103790a0d2fc80e9f0e36",0,0,0,0,0,65,0,0
"3a76ef4559c0ea07e671c3d8a1e6b94b",0,0,0,0,0,0,0,0
"d3066f3483adf9629ab70999e0559718",0,0,0,0,0,0,0,0
"ee1b185ee042acc51842a08978552a08",0,0,0,0,0,0,0,0
"f3947423334b7e0950a351b32faa2749",0,0,0,54,0,0,39,0
"b75b2aecfc2a567e3274a327fc94dfed",0,0,20,0,7,11,0,0
"1a5f2ceff57f382c9203d2bd6d313bd3",0,0,0,17,0,0,0,0
"4f7782440b4ce00e9acd21ed0b763e87",0,0,0,0,0,0,0,0
"02688e2eb3b5b09291a710e0906a7a3d",0,0,0,0,0,0,0,0
"95707419a65692ab9a928ee6b941fbce",0,0,0,0,0,8,34,33
"17d6154bc179cea3402371af55f11b69",52,0,0,0,42,0,0,0
"480cae699e90709442240687d533215d",28,9,0,98,8,8,0,0
"28961c0aa4493196a8acf5e6ce52d994",0,0,0,17,29,0,36,60
"ee61148ec398b38938d6fb529a4684ad",0,0,0,0,0,0,0,0
"370d6f4ad6ca14fbe69963a7e22f3190",0,0,0,0,0,0,0,0
"8a5391917061924c6d93bd26c1dae8d7",52,0,0,25,0,9,0,0
"a93616a02518bdffc6e2fb8fb18c2938",0,0,4,9,0,0,0,0
"959f656b91ec85c0dce68fd2bd802939",0,0,0,0,0,0,0,0
"43577e578520b2867697731105874b5d",0,0,20,0,28,0,0,63
"7e0ae4a4c53b8b6c072556d091369675",9,23,5,22,32,0,8,0
"c89006b6dbc3fa9d629b58f99d763edc",0,0,0,0,34,0,0,0
"83f0610f70d23c90fd1d2a8a6ae69e3d",0,0,0,0,0,0,0,0
"4babdfeed3fe7e5b32bd2b8bcf18d78f",19,0,13,0,7,0,6,4
"27bf9f41ee9906bc06925e25d9d53b90",0,0,0,5,34,6,11,34
"f3839ffc746a323bdf8fa2ca7b8f5434",0,0,0,0,0,0,0,0
"bf4edd2df7c2f25c72a3a7f7403f2939",0,0,0,0,0,0,0,0
"73519edee336f9786d0e65d99b7eada2",0,0,27,0,12,0,0,19
"eb672f3a7445f8f90a42abfc4e8c7eaf",0,0,0,0,0,0,0,28
"d2ea92ca90b7a198c1f884f25b39ceb8",0,0,0,0,0,40,0,0
"2afb6e26cd4c831dd556e86c8a8b945a",0,0,0,0,0,0,0,0
"133d8c66d1276ea5268ef5aa6bbbfa3f",0,0,0,0,0,0,0,0
"4950c4c131c5fb82396418508394838b",0,0,97,0,0,0,0,0
"128696fec65599e4b8dcefa3d81b156f",0,0,0,0,0,0,0,0
"44bdffe20f50409e7761ce6c63b68df8",0,0,0,0,0,0,0,0
"2f1348397bc3723c83571461f74175e6",0,0,0,0,0,0,0,0
"afc79eb6b3367a1220d88d0c526cca2d",0,0,52,0,41,0,0,15
"f54c94ed6901807823dcb725d30dc91f",0,0,0,0,0,0,0,0
"f3f2089c783d5c2917c08214dc8524a0",0,0,0,0,0,0,0,0
"e7b1e177a30713061086e77f843ec845",0,0,0,0,0,0,0,0
"614a4b2675b71192563be6cd623884dd",0,0,0,0,0,0,0,0
"48276d55d082e91e666895214adca3e7",0,0,0,16,0,0,41,0
"661b0d0311ed78ae2e9a6505ac21a860",45,7,5,0,0,2,7,0
"05b00185f105152eac8ca2df19bc6335",0,0,0,0,0,0,0,0
"329a469ca1ed160fb7b8a15917823213",0,0,9,0,9,0,9,12
"9df382506115b6c37b5d63ef2115191c",0,0,0,0,0,0,0,0
"5591f212c6ab36e52d253ce8cf551187",0,0,0,0,0,0,0,0
"854c977227dcad9f6e0f0af6255ec349",0,0,9,0,0,9,0,0
"9179082205356f48318aba87639426b1",0,0,0,0,0,0,5,0
"564d0bbc7b4b94c54ea240f27dbe8703",0,0,0,0,0,0,0,16
"9e74706d1ffd6f1179c84e52522e1c57",0,0,0,0,0,0,0,0
"767fa7465642a46499b2010ed8928868",0,0,0,0,0,0,0,0
"70f42e854a461e43059f7b9de9e9f2c5",0,0,0,0,0,0,42,0
"0ecf0e8a7d22a5057e24de85267a6c2c",0,0,0,0,0,0,0,0
"603e6fec765baa9e211b341d9681edc5",0,0,0,0,0,0,0,0
"a08b7b49ec40cb54798e50301d1f7ef1",0,0,0,0,0,0,0,0
"35c84355a4a5bbf43c5dfac8df5ae5d5",0,0,0,0,0,0,0,0
"914a1a6a799f5c7e93b2b4be591efa17",0,0,0,0,0,0,0,0
"1d00e65ce5cd609740b8c6c93a13f8d6",0,0,27,0,0,0,0,24
"87b1542dc63d488af173174a6f10373e",0,0,0,0,0,0,33,21
"5ebf9c875cfb93e90709cb213f85bbce",0,0,0,0,0,0,18,0
"73a0679f6a8e94a0f5ab6bbc96408ab2",0,0,0,0,0,0,0,0
"245ca4dc28ad34e584b437f30a90f25c",43,0,0,0,20,0,70,17
"2cabbe9e8a6f88d2831ac023efe4cc59",0,0,0,0,0,0,0,0
"58013c3ca62bc22ff75bc89441d0c2eb",0,0,0,4,0,5,7,3
"2fde0ce7d30f8aac9fdb18cdc3b72edd",0,0,0,0,0,0,0,0
"4fcef1b8213a888768fe7d39575d799f",0,0,0,0,0,0,0,59
"4cdfe4ce24f411be533e6d6e39f80f99",0,0,0,0,0,0,0,0
"31a1d700684c1da886c8318e58498908",0,0,0,28,0,0,0,0
"cdcb05bc054fc27f1c9fc862f29d2151",0,0,11,0,4,0,38,22
"d002c2b7e2cac141277f748e1985456d",0,0,0,0,33,0,108,9
"ff396977830818af2f1e5a9e82c905b0",0,0,0,0,0,0,0,0
"a3a21c22b0f7c413a2a03bd1ebf85d5b",0,0,0,0,0,0,25,0
"e466b900b7449f721331a4f0cb54f892",0,0,7,0,0,0,0,0
"188a1d201da93f64800d8e5aeb07f321",0,0,0,0,0,0,0,0
"8a9dc827e94d83b5bb844aa84d2c0f1a",0,0,0,0,0,0,0,20
"434d33160b6b9886045d5039bb5c2a01",0,0,0,0,0,0,0,0
"07867aa62e61d7d8007bb939bfaa187e",0,0,0,0,0,0,0,0
"b5f2737410ab2afeb26fe41f944e7886",0,0,0,0,0,0,0,0
"d186812ad77fb5272ec60a5bbea2cc22",0,0,0,0,0,0,0,0
"dc6b03c323503811ef45082ca6527cd0",41,25,0,0,0,0,0,0
"cf35aa81e84e952c007665f6ee6b4347",0,0,26,0,0,0,0,0
"22b16034d603a8d284a7b4096be1700c",0,0,13,0,11,0,0,16
"0c3934bcaf6bc60d41ddfb4a61bef05d",0,0,0,0,0,0,0,0
"3457fa09a34e235b94630e3c6c94b8b6",0,0,99,0,0,0,11,37
"423b6765ea58723ab2d34b6962c78d9d",0,0,0,0,0,0,0,0
"59f0e787dff3307f487672471717f5a5",0,0,0,0,0,0,0,0
"50041c4fa838e39d325dfa2797e1b71c",0,0,0,0,0,0,0,0
"915b33f239b22bcde31aac43ba205959",44,49,0,0,0,0,0,0
"e006760f0670e31f76941654f64a15a4",0,0,0,0,0,0,0,0
"1e3a57610f5c3906cedd6351f9e60bb0",0,0,0,0,0,0,0,0
"1c4847a64fdfa78a6094a2b60936d0b0",0,0,0,0,0,0,0,0
"570ab9a74b810cb4627106c308d8b27e",7,0,0,0,27,0,0,0
"962edaff21602a3cf7e7a92693601fb2",0,0,35,0,0,0,0,0
"cd2d1c880543440df16252c701b79fdb",0,0,0,0,0,0,0,0
"f443f7ebf6b4c844cf9660e7d586c2a9",0,0,0,0,12,0,0,0
"e6f075040958bbbb1965e921d02c3625",0,0,0,16,0,0,0,36
"9ede21367fadb803e5210adf65fa6203",0,0,0,0,0,0,0,0
"dcea7192b071c939337560d2acd0f0fc",0,0,0,0,0,0,0,0
"0ba63cdd90c33a883cd334cad68a7b93",0,54,0,0,73,0,0,0
"c8332928d52ce20e6d1f8dc65a5501e1",0,0,0,0,0,0,48,0
"18066d4ea972d9c36bc7b865466cd6eb",0,0,0,0,0,0,0,0
"55aa0a10f68cd2f4aad5ecaaf16a8e2e",0,0,0,0,0,0,0,0
"60a7f97f70e9dde1617cb71106445c29",0,0,10,0,0,42,0,0
"7d19f9bd5111a17ae114d62c7d5d3e7e",0,0,0,0,0,0,0,90
"4dc17c8f0721eed9f53e16754e99f303",0,0,0,0,0,0,26,0
"094424708b3576ff807385c25ad6428b",41,0,0,0,9,0,0,23
"73e263ecfb48d6b0434687e336efd7c7",0,0,0,0,0,0,0,0
"5f2eb252e77a73e324fc6cd6849f9c2e",0,0,0,0,0,0,0,0
"c9dc273ad04e8b892c50b3255932e3ff",8,0,0,0,0,0,0,0
"76939332ece15841e96539ec7fc801fb",0,0,0,0,29,0,0,0
"0a98bb6f5ad1e2f2623c71a4d380c6bd",0,0,0,0,0,0,0,0
"e3a427018c01e3e246f7d74de044b410",0,0,43,0,0,0,0,0
"fe32aee9746c2fedb9e7b82ef6cae12a",0,0,0,0,0,0,0,0
"657c89fe0e618d21a1daed79cff8a6d1",11,12,0,0,0,0,0,0
"f9e750ee58a7bc17b87edc80dd07f456",18,0,0,0,13,0,0,9
"6d8d835cff05956f62c9bb99610206f6",0,0,0,81,0,0,0,0
"fe5a45be27400c1c6d596ea7dd95f147",0,0,0,0,0,0,0,0
"901e174c9c45678405fda125166ff943",0,0,0,0,0,0,0,0
"ed2445e0296bda2812fbad20383e461f",0,0,0,0,0,0,0,0
"94e1ce4bbbed8aed7c95d0a0b492b4e9",0,0,0,0,0,0,0,0
"fc6cb2e8301897d52d23d9c4390bcb77",0,0,0,0,0,0,0,0
"911100d1473be1413081bef0a66b12d4",0,0,0,0,0,0,0,0
"a828645e7bd1ced5a520f40d2ac9f75e",0,0,38,0,0,0,0,0
"28fd288117b510efbe41e7cb97fe783b",0,0,0,0,0,0,0,0
"885e3ed5d22909a8d2947a7dc60efbef",0,0,19,0,15,0,0,0
"df1dd41fc64eb33cb587bb0215ee4aaf",0,0,0,0,33,0,60,0
"7fb9ec6296b13a71a6341ef0be801f54",0,0,0,0,0,0,0,0
"ad921d3a85bf59fd400a1b0b77908645",0,0,0,0,0,0,0,0
"306e31ae31e2479962fd9f5e95660548",0,0,0,0,0,0,0,0
"55fc5cc97e2bd6feb4337f5410ccb5f4",0,0,0,0,0,0,0,0
"e945923c4a86c3464d457dd927180b3b",0,0,0,0,0,0,0,0
"eed5bd92deddbb78ef353dedf965b121",0,0,0,0,5,0,0,0
"c6e06c9580fd5d68dff9a758617808b0",0,0,28,0,0,0,0,12
"1ad120f7f9c28add036099e7ec87ddf9",0,0,17,0,15,0,0,0
"10121707af6e000f5e118671d3206552",0,0,0,0,0,0,0,0
"592ffedf7f7221039afc844b2f4fdc66",0,0,16,0,0,0,0,0
"516f20f4d56455e0f3d845218c58e9cc",0,0,0,0,0,0,0,0
"02457515469783321dda28e70a5ef7fa",0,0,55,0,0,0,0,0
"683561fc45aa96bfa47cc9a9d40a3508",0,0,0,0,0,0,0,0
"6fa5d3c14df36ca541c6005d1de231e6",0,0,0,0,0,0,0,0
"817d85b29971b63620ae27927a4592af",0,0,5,0,0,0,0,4
"8ba95f8e792dbdba22cf77c82df46b85",0,0,0,0,0,0,0,0
"90342167274b3f1ad909276b61d43a1e",0,0,0,0,0,0,0,0
"d0849a67c04102ad358087c75434a5c9",0,0,0,0,0,0,0,0
"c7572bd5051cec0c6dad00f12d7027e0",7,0,10,14,0,5,6,8
"6457169ac88273f960ba15b9d2b35ad0",0,0,0,0,0,0,0,0
"da20d1f1b265fc24a4a067ee26e75523",0,0,0,0,0,0,0,33
"d71378d1aa888604d3e4b724fd7eee32",0,0,0,0,0,0,0,0
"6d9088d07066ac1c94533fb371882fbf",0,0,0,12,0,0,0,0
"b054aca2fa49ab0f8e9328b3462b740f",0,0,0,0,0,0,0,0
"372c86760c45f764484c39e1a793c13f",0,0,0,0,0,0,0,0
"f1bbbec5060a19aa6e60e763fd9acfce",0,0,0,0,0,0,0,0
"471f2b8a819ec4b149575ab19120fd43",0,0,0,0,0,0,0,0
"3d3bd35f74b66c33886ff14bb29894c7",0,0,0,0,0,0,0,0
"eefbc5a84484425f43ff2afa40cda808",0,0,0,0,0,0,0,0
"b229e9901960bbe9051ad335562593df",0,0,0,0,0,0,0,0
"254546dc264297ec38a4a6dac21fbb2d",0,0,0,0,0,0,0,0
"01e005f5ad33cc0401540f9feb475793",0,0,11,9,0,0,0,0
"fcd5c13b563ef5732680804f43dc4c22",0,0,0,0,0,0,0,0
"f4b9b09302fa36ca42830b148de524ad",0,0,0,0,0,0,0,0
"86e4f6fdc3bf7fbc6ea4336fdeedd97b",0,0,0,0,0,7,0,0
"814a6491e4f2e054f75ffb9fa643f91f",6,0,6,0,8,0,0,8
"3672bcae06908c6bc868d21551a00308",0,0,0,0,0,0,0,0
"33d833eee38383b7f95138af9d0af140",0,0,0,0,0,0,0,0
"96a6845d4c70ec07d4b3138cd0b3972f",0,0,0,0,0,0,0,0
"48bd6d53d89110cdf7750bf54f96206e",0,0,0,0,0,0,0,0
"f52fcb1370d25721624041cefcc6794a",0,0,0,0,0,0,0,0
"9f1a9d9e18f0609dd1fe45e2e2bd57ed",0,0,0,0,0,0,0,0
"135cfb6e1049601165b69f41f18b2e6f",0,0,0,0,0,0,0,0
"8c04e688ebd9fa0ca8078526f67e6cd7",0,0,0,0,0,0,0,0
"70d8204f8fbcf1b0f812f08b82034008",0,0,0,0,0,0,16,0
"216dac73c83804ef60ed2f44aba05907",0,0,0,18,0,0,0,15
"ed5fd0be394d82a47988fcfbaf243fbe",0,0,0,0,0,0,0,0
"4cfe21644c4ac244d79cd6d4baab1947",0,0,12,0,0,18,0,0
"6cec9cc154457b7bcb00a6e118555875",0,0,0,0,15,0,6,6
"ca08ead33395f9c9b0e0e4cd5c63000d",0,0,11,0,18,0,0,0
"2cc1afe613079292ccf3c45fd65ace47",29,0,0,0,45,0,0,0
"372854dab4e7e92ab60b3f29e38c9924",0,0,0,0,0,0,0,0
"5a963a44a6f99d6325b5a60ff164d186",0,0,0,0,0,0,0,0
"00620321a155fdb55e60040a93c01525",0,0,0,0,0,0,0,0
"cf7ded3745acc0772f4e9a6363681108",0,0,0,0,0,0,0,0
"edc72a54d6830abb34b5ca91d36e68ff",0,0,0,0,0,0,0,0
"c2f0cd548d1a87ba171d517cfe087f1a",0,0,0,0,0,0,0,0
"571e2c20b04ef33c816e96c4f98a1f0c",0,0,0,0,0,0,0,0
"117f855404736cdc2c6aa65135197cf3",0,0,0,0,0,0,0,0
"cab47219fdc78edf50890c41ff34d57c",61,0,0,69,0,0,0,0
"cab121e47adc32b3ef4672f97f5ae0cc",0,0,0,0,10,0,0,20
"3d4d506b956a71635ccf7bb2c3b98ee0",0,0,0,0,0,0,0,0
"1da924f9f1a5eb197f18c98773c2f0c9",0,0,0,0,0,0,0,0
"c165f4d27ae206eb68c2fc89c1516649",0,0,0,0,0,0,19,0
"dbaa6a536dab3d4f1589416082d82c0f",0,0,0,0,0,0,0,0
"671b4cb13c30736673dc410d409a3aca",0,0,0,0,0,0,0,0
"c2c558f4dee772dc7874db784d76cb5f",0,0,0,0,0,0,0,0
"a4b487494862f71e4969a95b8f3ec239",0,0,0,0,0,0,0,0
"012dcdff53409e7c934f24e9b9c52f28",0,0,0,0,0,0,0,0
"96e125fa583676bef8e0c40e34c2523d",0,0,0,0,0,0,0,0
"2358df28ab58699505715869111dddbd",0,0,0,0,0,0,0,0
"dc0fd08aed46047adc66faa436d8352b",0,0,0,6,10,2,0,0
"866a8f8893c04e1500558380682ba9d4",0,0,0,0,0,0,0,26
"51a8d5697d6a6fc543f2562aacc07f79",0,0,0,0,0,0,0,0
"1b5fed9a9bbf47c2ec93d02a56e978ca",0,0,0,0,0,0,0,0
"9d5559656e69b0807472ab3ce4f9ebda",0,0,0,28,0,0,3,0
"796e801b1279ba8821b936a1393883d7",12,0,0,0,0,0,0,0
"f142a86a7dd1587ec5a5a08273aecfaf",0,0,0,0,0,0,0,0
"33022141594a26f64007d7ec7d3e49f2",0,0,0,0,0,0,0,0
"668754f66fdefae32ccbe568c3f28ccb",0,0,0,0,0,0,0,0
"bcbb7bc1f738284962877dc7883a849d",0,0,0,0,0,0,0,0
"0c443f8eafbc5251449777704e5284f5",0,34,0,0,0,0,0,0
"40959ad7a3eb84ce2491fa3117a1a4e0",0,0,0,0,10,0,20,0
"638ad3806ed5f0839bdcef6a6febd18d",0,0,0,3,0,0,0,6
"d4689bc9953b411107dff05f24a57de1",0,0,0,0,0,0,0,0
"68ed57ace865e38ad89bb9d7c4d30a3d",0,0,0,0,30,0,0,0
"517c4e5aa45d44b3b998936d85482760",0,0,0,0,0,0,0,0
"ecd300e1c863e28b5276a968b0a7a1f7",0,4,0,7,0,0,0,0
"a750652ee97906865f6dd455cc36fa05",0,0,0,71,0,0,0,0
"856a9ca9eadd9772e559d27721b37bf9",0,0,0,0,0,41,0,0
"0e9250a6381dbabed3f0d69951c9f442",0,0,0,0,0,0,0,0
"f56d9b587affd190b8d10801bb9d603b",36,0,0,0,0,0,0,0
"7dd93ae46821038682c068ced4636077",0,0,0,15,0,0,7,0
"7360d419a9403dab65fad19080a3db19",0,0,52,0,0,0,0,0
"26c566752c88eeb300a3367b0efae2b5",0,0,0,0,0,0,0,0
"90e9365ff79532dd126a3a9e5a756f9a",0,0,0,0,0,0,0,0
"9c8bfa174583e3d238c32a4081093daa",0,0,0,0,0,0,0,0
"e0f4395f69583f9d831c3f59a3139e78",0,0,0,0,0,0,0,0
"046b079be722d6f92993c83e8fa67756",0,0,0,0,0,0,0,0
"a9d064b7907cbd9ba0d00ac827a32dcc",0,0,0,0,0,0,0,0
"cbaafa6ba1ac1cf325e9a675779e71bc",0,0,0,0,0,0,0,0
"8cb1a447f8faacc6f1f1f5c5eea8692e",0,0,0,7,0,5,8,0
"8aacd128ab3f9270abab2d8a72334c1f",0,0,0,0,0,0,0,0
"ae4c5d0cd48fd9bbda2bbdd6b5a569db",0,0,0,0,0,0,0,12
"cc8eecf16bd4f5b8a05dc6d33a8b8447",0,0,0,0,0,0,0,0
"cf63fe4feb44cfd23ccb0e29cc9a2603",0,0,0,0,0,0,0,0
"0b00637b4425a29408095fd6de15d124",0,0,0,0,0,0,0,0
"8718f0a0cfedd053b041bda144be5999",0,0,0,0,0,0,0,0
"032c2fcb62258a5606da98c201756ac2",0,0,0,0,0,0,0,0
"6761435f06567394383f9e1f65350b01",0,0,0,0,0,0,0,0
"08c035ba50f8d4d5e2922bd53d533ac8",0,0,0,0,0,0,0,0
"bfd71ee14a321860b93d7de96e42645b",0,26,0,0,9,0,0,0
"0b68c0d8a7bdd039c1f7e05d3eb5ef35",0,0,0,0,0,0,0,0
"6cf17c0bfdd3c53959957209c1d3acaf",4,0,0,0,0,0,0,0
"8749a8f7c8be7c7ee3da7885a2b28b62",0,0,0,0,0,0,0,0
"2d3e180d8d0a04d51f8f73fc20552e0a",0,0,0,0,11,0,32,0
"dfb1fd5e007ae8e37a76b2b66addb24d",14,0,0,0,0,0,0,0
"c65513f7b730df0e3998be140b0f49ac",0,0,0,0,0,0,0,0
"e425ec09fcc5df8a6d0f98ace9ddd880",0,0,0,0,0,0,0,0
"632f1675faf9485d602bf8759594a23b",0,0,0,0,0,0,0,8
"3f8f7f4e80bf7f44bdb52aee2daac278",0,0,0,12,0,0,0,11
"534359e18c3d1be9ea9f4224d86fc878",0,0,0,0,0,0,0,0
"17fa3424257ca5c653a05cb8d871fefc",0,0,0,5,0,0,0,0
"9ce73e0d4cc30404fd4a5a46676398e3",0,0,0,0,0,0,0,0
"bd11abe49e880057b4eb4e86213b34d9",0,0,0,0,0,0,0,0
"724538d33e157040c5d7f154a7815b47",0,0,0,0,0,0,0,0
"b877af1162a15f682ddf81cb4e4b6484",0,0,122,0,0,0,0,0
"c6e810cef2751f5a11f6f231d32b9cc8",0,0,0,0,0,0,0,0
"7522979de2ea67f25d6310ef55186b06",0,0,0,0,0,0,0,0
"ce306cb04429744933d9629c5f19a836",0,0,0,0,20,0,0,0
"48258f7ad46d0f53918ad23388340c54",0,0,0,0,0,0,0,0
"9c04af282f931a102793a403635a8edd",0,0,0,0,0,0,0,0
"8e2fe255ae20819ca6b83bc2fe028e2a",0,0,0,0,0,0,0,0
"f9a27fcf92575fe1239dbef43e15b33f",0,0,0,0,0,0,0,0
"1636729eb2a12a73005ddd0b1e71760a",0,0,0,23,0,0,0,0
"659e5f67bb220c8d706991d231408abf",0,0,0,0,0,0,0,0
"85e4692aa5ca070cd9890b2eb55a9481",0,0,0,0,0,0,0,0
"1b3b7bcf6010596644f5ab9a808f2a73",0,0,0,0,0,0,0,0
"721106b7fa385b1bc9befd81e1d8f530",0,0,0,0,0,0,0,0
"d20896051727f70eb0949d6476cb7985",0,0,0,0,0,0,0,0
"4c4acbceb05d8526d426ef75a94d611c",0,0,0,0,0,0,0,0
"e8c4abd3fcc0ff4759734e64affbd721",0,0,0,0,0,0,0,0
"a73391d0880fc255841b3bc781aafd73",0,0,0,0,0,0,0,0
"2e63e8e3f9f0f102f570e736e4b27c69",0,0,0,0,0,0,0,0
"a20313247b870f56f8abbb4c6c50947a",0,0,0,0,0,0,0,0
"8f678e1214db4e5e1c0c354e11d9f3f8",7,0,0,6,0,0,0,19
"7f8eddceb6bfcecfe8fd64f045ea382b",0,0,0,0,0,3,0,0
"93e01f5aac4fa940dcddbbfc40edde9b",0,0,0,0,0,0,0,0
"54ab9b7bec35f45f9cd812cb122e645a",0,0,0,0,3,0,5,3
"b45c93c4f01f77ef6b8a8a5847c26c04",16,0,0,0,12,0,0,0
"411b1a6f2df76cafb02680de95e8ccbf",0,0,0,0,0,0,0,0
"37d27e2f0528310594a5b8ebe6e3d46c",0,0,44,0,0,0,0,0
"c06b712348f8542720421722120be38e",0,0,0,0,0,0,0,0
"9c114900e644efc08049ae7c7b848ec2",0,0,0,0,0,0,0,0
"a5a0bda5607ab2f14a9b3cdf23b8f67b",0,0,0,0,0,0,0,0
"17b41b1c20531f69597557ae6575dcc5",0,0,0,0,0,0,0,0
"efd9683606267badf1f7fd3408a3adae",0,0,0,0,0,0,0,0
"c6723ca6ebbfa3de04b182b1ed8fc51b",0,0,0,0,0,0,0,0
"ca813f9e4753f69bff9c4e2a86fac830",0,0,0,0,0,0,0,0
"2cf2f1a47d091fe96d7ff12d169ee00d",0,0,0,0,0,0,0,0
"49c35e112477826a18634878c36b839a",0,0,0,0,0,0,0,0
"ad88dfbac43bbfb71e058808af18a54f",0,0,0,0,0,0,0,0
"efefb84a7c68bc90b799c56d86c00618",0,0,0,0,15,0,0,0
"e2612ecdf947b9d7a2b632dc33bca414",0,0,0,0,0,0,0,0
"a986a339734397ab60063008525c4bb9",0,0,0,0,0,0,0,0
"f0d26356c2cbf9cf9922838c43aa49e1",0,0,0,0,0,2,0,0
"f98fae776a324f771320f179a5f38987",0,0,0,0,0,0,0,0
"4236efeea6e79b59ff654dd586eb096f",0,0,0,0,0,0,0,0
"9487aefa44fa7140a44e58ae5c859e5c",0,0,0,0,0,0,0,0
"d2fac1d3477ddb5590f5312a66fa8a09",0,0,0,0,0,0,0,0
"540e53e1782d89b2746d34a0effc843e",0,13,0,0,0,0,0,0
"df63aa89b12ffccf52b4e61ff55b9e8e",0,0,0,0,0,0,6,0
"80c749770d736f1ef775cfcc2f2fbb66",0,0,0,0,0,0,0,0
"684ec7bae4bb914632362dd52a015b02",0,0,0,0,0,0,7,0
"9e231f1a160ceeab84250aad26209322",0,0,0,0,0,0,0,0
"fc94f20dc0116e631c9bbd378bfdbe27",0,0,0,0,0,0,0,0
"65fe65aa8cb2b78361e22c2836209481",0,0,0,0,0,0,0,0
"d3985f465e39f3c3d2d08e0b7c512415",0,0,0,0,0,0,0,0
"7379b98ab2925d284544faf14eabfcf4",0,0,0,0,0,0,0,20
"80f26a4037265c2d820c9d3d506d62cd",0,0,0,0,0,0,0,0
"b7ce2d82faa1b6def3e46c20d8461c58",6,0,8,0,0,5,7,0
"846d77d5c398f786fca3771da2bfe6d5",57,0,0,0,0,0,0,0
"4134ad8a7c05e84b58fc232fd4f325d3",0,0,0,0,29,0,0,0
"1810dba89b5ea081c0ffcfbfcb3f1d6e",0,40,0,0,7,0,0,0
"5d8f26355ed92e468e5b81965c43355c",0,0,0,0,0,0,0,0
"f422aab8d835df947bbb1d1304e5477c",0,0,0,0,0,0,0,34
"b4f80d1f9838a165832c5aa0e09f3203",0,11,0,0,0,0,0,0
"98d7ad57e8596533f041f95d600c8d62",0,0,0,0,0,0,0,0
"5e56bed0d841b42a161f848c80ea1480",0,0,3,11,0,0,0,0
"d7b8a25da82bccc48f91f25966c10940",0,0,0,0,0,0,0,0
"2838574a238007acafef7edaccccbd38",0,0,0,0,0,0,0,0
"312015c00f6652c04c215fbc47488649",0,0,0,0,0,0,0,0
"49fe00a3f280c30acc90aaf2125bc26c",0,0,0,0,0,0,0,0
"8db02f4427d2058393d6d09ef53282f9",0,0,0,0,0,0,18,0
"45586716398bf0a1eb30d93b9e908845",0,0,0,0,0,0,0,0
"055fb55d49e5b5fcad4153d7bca16da6",0,0,0,0,0,0,0,0
"f86fb39b17699e0e1c8f49384655403e",0,0,0,0,0,0,0,0
"910cb9fdebce3337aff4c15b2e9af794",0,0,0,0,0,0,0,0
"9ed4c2d89074327c2e9eed997197000c",0,0,0,0,0,0,0,0
"da9dd834e5d5048a2a4cc748dd607795",0,0,0,0,0,0,0,0
"c4a57fa7c06676ffd58472bff74a7d7d",0,0,0,0,0,0,0,0
"cb0debf5790a77b8bdd43c334af7c703",0,0,0,0,0,0,0,0
"eff172a2c5d800223c8a6d9c944c211f",0,0,0,0,0,0,0,0
"d4794c370ff8afe685b59ebb1606e129",0,0,0,0,0,0,0,0
"0e2d22ba22de64f6ea6be05030503322",0,0,0,0,0,0,0,0
"0d420ddf5619115a0a6e357ff231b3ef",0,0,0,0,0,0,0,0
"758072220fe51b5abc873c53adb1bd19",0,0,0,0,0,0,0,0
"dfdc712087293952b718d5e554968ed5",0,0,0,0,0,0,0,0
"37c46c1b2d2807faf85453f6de29c42a",0,0,0,0,0,0,0,0
"7be4ad0d7f67f8d6f80ddfba0fbbc363",5,0,11,0,0,0,0,0
"f02078ba521047ea46f8c03598679176",0,0,0,0,0,0,0,0
"fb88635cbdce1e6dad7559366d648d8d",0,0,0,0,0,0,0,0
"18cc1f90d966be2060cd353797e35298",0,0,0,0,0,0,0,0
"507cae2e5eb5915e1ec78b717eb39ef6",0,0,0,0,0,0,0,0
"39cbab6945329984c8661c168f9a50ce",0,0,0,0,0,0,0,0
"1416139ee6086ee4fa96fb9091c45055",0,0,0,0,0,0,0,0
"7d9b1358b085b007723799a4eeee70fa",0,0,0,0,0,0,0,0
"23d246b77a95e7a3a5b7ad1bca28b84b",0,0,0,0,0,0,0,0
"0b3093973a2840cf8ee0aca2a6684db3",0,0,0,0,0,0,0,0
"f5aaaed33993b25c1a64dc481998893e",0,0,0,0,0,0,0,0
"3e783f5c5a3d7d47a672c874d5f56a49",0,0,0,0,0,0,0,0
"d0b24755febb981ff8f9d47a75bb9b80",0,0,0,0,0,0,0,0
"0199631a1a4e09eca64a01bbfc4a23d5",0,0,0,0,0,0,17,0
"90cffe6e49d318736fe9360bf1a08a64",0,0,0,0,0,0,0,0
"3ccc739a4de512c34f19bd617e9187c1",0,0,0,0,0,0,0,0
"43cd10f974dac2fa6a4ef371d6a3641f",0,0,0,0,0,0,0,0
"6e14788f3f3cb78ee7fa0348a0c2cf46",0,0,0,0,0,0,0,0
"95a0440ac3e8a1d10a91e941614e1648",0,0,0,0,0,0,0,0
"4abfdb66b1f838ed3a1975839cfff5cc",29,0,0,0,0,0,0,0
"aa8e385f09626f099e5fd2e3ecfe2a28",0,0,0,0,0,0,0,0
"0ccb30bffeea30c1e2f58b18c428da67",0,0,0,0,0,0,0,0
"3c0eb3d3680a609717eb609aa97298c4",0,0,0,0,0,0,0,0
"654d34dc0d26ff49db45d02825ab5045",0,0,0,0,0,0,0,0
"773673f446d863c2a7fc552b28ab3104",0,0,0,0,0,0,0,0
"6d06f238fd4263507c70e6e692b82f64",0,0,0,0,0,0,0,0
"20cf13f228f8d16b499e9493dd2ee208",0,0,0,0,0,0,0,0
"19157cee9878c4c657d23f08335249a1",0,0,0,0,0,0,0,0
"7f4b4b55857d50c56b4f358eace64c44",0,0,0,0,0,0,0,0
"6f5a862979223080ee400fd5d24d846c",0,0,0,0,0,0,0,0
"ba2c5f6ea5a440bc57181dacbef04312",0,0,0,0,0,0,0,0
"ab57bd0ce0c44667c3179d8d52b08254",0,0,0,0,0,0,0,0
"a4ad983d9eaba68114f9b7a5c02811d6",0,0,0,0,0,0,0,0
"fc14a62585e810f51b0ad303cca6b1f0",0,0,0,0,0,0,0,0
"71f35753096d6ac1dd3ed5f8421ea485",0,0,0,0,0,0,0,0
"cc6b9d7aca051b10320072b88cf468d5",0,0,0,0,0,0,0,0
"f43a4a46242362a32bbc4958dce22ef6",0,0,0,0,0,0,0,0
"302982707dc87db52c92659fc7f57443",0,0,0,0,0,0,0,0
"c37d77e7e5ea45c4a732143e772cf418",0,0,0,0,0,0,0,0
"fd0e07728faa8aed64f04b7291606258",0,0,0,0,0,0,0,0
"263655a4b3918486546878267ff62a43",0,0,0,0,0,9,0,0
"c0ab8f0f1a53c33d4a909514511f9436",0,0,0,0,0,0,0,0
"5ca93558170b2cbacc0f10427e98aa01",0,0,0,0,0,0,0,0
"0e4004d2443c8370f268cb0f6e098650",0,0,0,0,0,0,0,0
"c7aa1133df2580f9cc61844e26abb043",0,0,0,0,0,0,0,0
"c280c28e29657e6dec22d1df1a7abb25",0,0,0,0,0,0,0,0
"9c13009a275ca87b4c1e8ba96489502e",0,0,0,0,0,0,0,0
"d61ba016cf7c8e2235836e24af098d7d",0,0,0,0,0,0,0,0
"d7ea6b8518e8abaa4fc57934f7527c19",0,0,0,0,0,0,0,0
"60ac547b9db824c78252ee0beab2f639",0,0,0,0,0,0,0,0
"e768101e49ec06669b3c351b4f39c46b",0,0,0,0,0,0,0,0
"41e4108a7cb9f1e789b97935314aef2d",0,0,0,0,0,0,0,0
"4d5c997d487238c6e4277e0b31ab8b79",0,0,0,0,0,0,0,0
"194151e8537d948d4990c81ce4ca02ce",0,0,0,0,0,0,0,0
"f94a118c33f9a67bcd4c47872ac489f0",0,0,0,0,0,14,0,0
"2d7edefc6c34736ecde3f9b088a0520d",0,0,0,0,0,0,0,25
"ccd12fea7b68ca2578e9b656a27f92a6",0,0,0,0,0,0,0,0
"5f77de5c2142eb4eeaa970991eaed7c4",0,0,0,0,0,0,0,0
"08a146f981b749ecf0ef17de4d94dbac",0,0,0,0,0,0,0,0
"eb6699104813010694c94a049de0736b",0,0,0,0,0,0,0,0
"cac542b661784b7879eb4cc87b6b11f0",0,0,0,0,0,0,0,0
"640db52fa7e71ae6ea24adcd15fc2213",0,0,0,0,0,0,14,0
"c0955e5570d3916e330c899da5e2c4ed",0,0,0,0,0,0,0,0
"1183ddd22fd4e0083930f5587669814e",0,0,0,0,0,0,0,0
"c192c63d8bbdc653f865e67bdb261533",0,0,0,0,0,0,0,0
"ced8084c948c40969cb42c6f2de14018",0,0,0,0,0,0,0,0
"392a5af74669188be606dfc476f9d30d",0,0,0,0,0,0,0,0
"9ec2f29772461c8dab7d1f38216f363e",0,0,0,0,0,0,0,0
"efaa859ffeb5f53cb0212e9151d6e7b8",0,0,0,0,0,0,0,0
"3723c462d153e97511ce6b574e922bef",0,0,0,0,0,0,0,0
"cd55810efe4d6d66badeb3fa14e7fcf8",0,0,0,0,0,0,0,0
"7a1e6455a09fe36da33b88ac55f81b1e",0,0,0,0,0,0,0,25
"5050714d24a78693b3d75fc349b6ad30",0,0,0,0,0,0,0,0
"3526e22e1aef410eaecb1485cde68dee",0,0,0,0,0,0,0,0
"60c18c34d06c3c16da5e55788fc48afe",0,0,13,0,0,0,0,0
"9704dbfe2f51d6371f5b0074f65b58b9",0,0,0,0,0,0,0,0
"c702f8fc01c29f2e5469a3eaf8ab28d7",0,0,0,0,0,0,0,0
"bab3ac373219d1643db51b74a414afe8",0,0,0,0,0,0,0,0
"06ae9b17bda5c4bf0a4083eef64a1659",0,0,0,0,0,0,0,0
"6c64a41d73e00f788db4495301ad6479",0,0,0,0,0,0,0,0
"e7f2e44287babd9dbbab0b50d15a2489",0,0,0,0,0,0,0,0
"a8ce97c321619ff3cb8d0f64abee2a36",0,0,1,0,0,0,1,0
"7400588376ae513b77316cdb97104e01",0,0,0,0,0,0,0,0
"17318ba2901218dfe6d805c2b36d91fa",0,0,0,0,0,0,0,0
"a296bdb15ed459607ab8e59481bd34d6",0,0,0,0,0,0,0,0
"6b44f80875b0a520f1a73d534bc76eba",0,0,0,0,0,0,0,0
"14cef5ce1cc26220f40bcd6adefe3367",0,0,0,0,0,0,0,0
"1ca186355b2339ae0738aa36ddadb48b",0,0,0,54,0,0,0,0
"a410f566ce63f21f06be6d44b41bb57f",0,0,0,0,0,0,0,0
"a4b560de05a4daa1640c753cc9de3097",0,0,0,0,0,0,0,0
"d457cc22ace66f214f795ffa8ef1324f",0,0,0,0,0,0,0,0
"80db623282c3b488a15bd89c097b3885",0,0,0,0,0,0,0,0
"da503c8840bdec681196b1d89246baee",0,0,0,0,0,0,0,0
"cc0139da42ff59e5d55a685a9399fb5e",0,0,0,0,0,0,0,0
"06f4802b14949318e29842528853e9bd",0,0,0,0,0,0,0,0
"5e1e991294649d7afa92085a7f42a69e",0,0,0,0,0,0,0,0
"e8bfc6954291c15ef477e9e000c5f405",0,0,0,0,0,0,0,0
"f5c7052edde40f1a3ffeb70131d01ed6",0,0,0,0,0,0,0,0
"bf6f1b46de079afce097ad39097aa36e",0,0,0,0,0,0,0,0
"e0009eeafa80e64964bf41e54a0a3feb",0,0,0,0,0,0,0,0
"d3b94b63be0ae1b8ce41ef590908cd6a",0,0,0,0,0,0,0,0
"54d18074baf9bd4d574efbdb8545612d",0,0,0,0,0,0,0,0
"c234f5b8b7971fbbde35effcbeb1a3fd",0,0,0,0,0,0,0,0
"2877b6f46046866e79f3c5229771979b",0,0,0,0,0,0,0,0
"32466724bdee223da479af15f731b605",0,0,0,0,0,0,0,0
"2741e1550b33d9fdc03242460ab16cc9",0,0,0,0,0,0,0,0
"abe1cff101d298164c95c639fb203cb4",0,0,0,0,0,0,0,0
"c3b9e1c286f3dd4597fc32a5f1a2b663",0,0,0,0,0,0,0,0
"22e70f10846bc4f15acb3500048e78e1",0,0,0,0,0,0,0,0
"707ca9deb8add5dcf1b5369d0bc28d5e",0,0,0,0,0,0,0,0
"1ac1f729baf717c40fabcb92a70e98ca",0,0,0,0,0,0,0,0
"b0834ccd895bcbd6fcc2d4b771dd0ff1",0,0,0,0,0,0,0,0
"9d41cc4ec0550cee7b52a627ff8b7378",0,0,0,0,0,0,0,0
"4d6aee40de36a6dc84c89ee12410c7dd",0,0,0,0,0,0,0,0
"186688a897ba85ae59abcbcadd691c40",0,0,0,0,0,0,0,0
"1ef41943ec7bac6cabb36a7b96102259",0,0,0,0,0,0,0,0
"f0dce41a428f78b90d130293012d2956",0,0,0,0,0,0,0,0
"d0aa6a6513c85f45dfa917afd8a091bd",0,0,0,0,0,0,0,0
"fd47bd71c0d5ed8b0ba15100299ffecd",0,0,0,0,0,0,0,0
"06f466666135e3a0cd2caac1337b0aa9",0,0,0,0,0,0,0,0
"8e7a7c02515abf7792e6d4a67b47b503",0,0,0,0,0,0,0,0
"78ab7aa80773ef0b878afab813e32154",0,0,0,0,0,0,0,0
"78ef48aba8226b2d3b910640ec588864",0,0,0,0,0,0,0,0
"07f88a65eed4f94b89b716bcff533a36",0,0,0,0,0,0,0,0
"32f9d3d8aa26de9fc3b3fe67d57b9cc9",0,0,0,0,0,0,0,0
"be5d5fc3879dda6880cf9a49599855e0",0,0,6,0,0,0,0,0
"369387e52975984039c753e68886d586",0,0,0,0,0,0,0,0
"a2ef9e469b0b3858c223b8bfbb93e884",0,0,0,0,0,0,0,0
"23433dba325d7c89baa018f347b7d6c4",0,0,0,0,0,0,0,0
"274d7cd9bbef339da0e494bdd7bd4c11",0,0,0,0,0,0,0,0
"147054a6d5b0304bdfb517cdef4fa3b5",0,0,0,0,0,3,0,0
"08b056cc61293cb0137b4b6a024cbec4",0,0,0,0,0,0,0,13
"0997577842050cb01a61d0255fe0ffb6",0,0,0,0,0,0,0,0
"c7a97edcd42a4ffe5a01e0bb5695672f",0,0,0,0,0,0,0,0
"4eaca39006af30cc0cc729e9930c2b60",0,0,0,0,0,0,0,0
"d205b78f93e53372a860e0cd35e0b806",0,0,0,0,0,0,0,0
"61fed54950c94e2893ccc9d258afd924",0,0,0,0,0,0,0,0
"db779a652cb1a78ca1eea86d8d40fa41",0,0,0,0,0,0,0,0
"02146768dcd7c1ecf0b3f400daa4c458",0,0,0,0,0,31,0,0
"6a048cd156b32385a7485c6e42aaf8fe",0,0,0,0,0,0,0,0
"5fab46df57689d18ff6b11e23e260c33",0,0,0,0,0,0,0,0
"57651765d7258e48cca53481e98684d4",0,0,0,0,0,0,0,0
"92f8ae7e966a04b083170bf8b2036587",0,0,0,0,0,0,0,0
"4e362dfcfeea99ecba8a5fe1fb986d05",0,0,0,0,0,0,0,0
"1b503918fb2f594b8fd10091d166b1c5",0,0,0,0,0,0,0,0
"5703daf8d750976d6ae20b1d0e932a4e",0,0,0,0,0,0,0,0
"be5fd4a316759dd9b19669af1aedef1c",0,0,0,0,0,0,0,0
"026322b3b8718764dae37e6324db719c",0,0,0,0,0,0,0,0
"85aa4ca2e40f82a0b1fe420916286c0f",0,0,0,0,0,0,0,0
"2c796538ebe5bdf80383a492e53c2719",0,0,0,0,0,0,4,0
"f108f755fa23fa74ab3199ad82bf83e9",0,0,0,0,0,0,0,0
"24e465c6574f8b20dddf30461c315d39",0,0,0,0,0,0,0,0
"f7ea12a71fb2ab88e584942f371e59ac",0,0,0,0,0,0,0,0
"3d0aa8123b664acab8d96d5518debb2e",0,0,0,0,0,0,0,0
"0290addfab2a8e083a511333dfcd33dd",0,0,0,0,0,0,0,0
"8ef7209537fc461aceaba8148eadb2bf",0,0,0,0,0,0,0,0
"5b42382900e4d5c87a20aacd0f7671c9",0,0,5,0,0,0,0,0
"9479effeda2aff784e8e43146ba8724d",0,0,0,0,0,0,0,0
"fa86562a5534a8f5e54a630769bd556e",0,0,0,0,0,0,0,0
"31831a4ab7ee0e8c3384143514330241",0,0,0,0,0,0,0,0
"b8bff7baca856f5baba321a03beb073c",0,0,0,0,0,0,0,0
"4896316629047e8da2a13421f56b055c",0,0,0,0,0,0,0,0
"32e48c5806156391baf2d57605e9b9ed",0,0,0,0,0,0,0,0
"43549dfffeada0beaa5935231505f662",0,0,0,0,0,0,0,0
"5cbe00db1138a4a89a1285fae094705a",0,0,0,0,0,0,0,0
"9c27fc035ed2f8bc13fa3d682a49e5b9",0,0,0,0,0,0,0,0
"d815d5e2ebf3e7fa692e849f6d0400da",0,0,0,0,0,0,0,0
"923a96fd1debbd811788f38a5f363a37",0,0,0,0,0,0,0,0
"9b602ef524620d9d57d6952c7941cc2c",0,0,0,0,0,0,0,0
"e6d5af695272b43e29e2d697646858fa",0,0,0,0,0,0,0,0
"a556442b113d4769fcd3ef7d67a6fd77",0,0,0,0,0,0,10,0
"ee12156a0f6835482e0258c77f18756d",0,0,0,0,0,0,0,0
"a94d89dcf7bb95846d68f8d547f03ca7",0,0,0,0,0,0,0,0
"027e0c1ebe6d5f89aed9762f39ea54ac",0,0,0,0,0,0,0,0
"4b3f4c521b0eb1e4361ffb0d458fa4c3",0,0,0,0,0,0,0,0
"1bdd2424bb922a6f8dfcd45e43323009",0,0,0,0,0,0,0,0
"0b9805e310230011242c15b1649b1b4c",0,0,0,0,0,0,0,0
"bcb774355172cd9088b459acf748d569",0,0,0,0,0,0,0,0
"c84c47ad8feca4dcf15e76a83b25dbce",0,0,0,0,0,0,0,0
"bfe8d9d10133b336e71390d7862e4c31",0,0,0,0,0,0,0,0
"0594e3b994c98e7c3dd93f41f4afd233",0,0,0,0,0,0,0,0
"a0cc2421f3da871050a99994b84b9812",0,0,0,0,0,0,0,0
"549eaad3a001f5270f3a699e8fc09cff",0,0,0,0,0,0,0,0
"dadf4c86c500628b2f81f5d5bd5f6cc9",0,0,0,0,0,0,0,0
"6c480c0ab011db90847eadea8277245e",0,0,0,0,0,0,0,0
"b8f29f72529ea486ea8e56cbf800adad",0,0,0,0,0,0,0,0
"f25941f6b843c3176403494f72dcea17",0,0,0,0,0,0,0,0
"e684d28a252246db086b3c62ffee88bc",0,0,0,0,0,0,0,0
"a5e89945957e8efb92fde38ae0933d94",0,0,0,0,0,0,0,11
"b34ce116919009fd58acc83e8b48911a",0,0,0,0,35,0,0,0
"b2d4dacd005400b51eb0fbba0c93a768",0,0,0,0,0,0,0,0
"6607de21ec1969c619ba25378913ebbf",0,0,0,0,0,0,0,0
"60469bc25c57acbc78cc9210cf50858c",0,0,0,0,0,0,0,0
"30ce9aa7a623b55debae0deae9f9154e",0,0,0,0,0,0,9,0
"7a45f0dc5f3b52df091a0f6fa40eb5c6",0,0,0,0,0,0,0,0
"832637d768ca0009495e282572cb0285",0,0,0,0,0,0,0,0
"624f29dc1d6b1bd30179508c2c221c4e",0,0,0,0,0,0,0,0
"3d11e36224def2b1273cce3df7eeb5f0",0,0,0,0,0,0,0,0
"5671ee73a23c598ca03cb615beea75df",0,0,0,0,0,0,0,0
"b6b1a69cb30f43bd2b4241d086b377d0",0,0,0,0,0,0,0,0
"00afca2ca90579a3a8e6323a22fd1f2d",0,0,0,0,0,0,0,0
"6521f34e85eb9034e3bd9d4e58dff50a",0,0,0,0,0,0,0,0
"a7f7e4dc920d552b19d8edb893aa9176",0,0,0,0,0,0,0,0
"6bc54351f49e3c0a77e99393ee3e69da",0,0,0,0,0,0,0,0
"8f0e087fcd18233fa636568171fbb660",0,0,0,0,0,0,0,0
"e0e825d170288a206b4763dfecb5e70d",0,0,0,0,0,0,0,0
"b5a421fe5ae65a78283e0317e3ded4cc",33,0,0,0,0,0,0,0
"9f8a0ecc1bb4225d2b5badf019b84346",0,0,0,33,0,0,0,0
"6bbfc75a5784d50b64153456e424eae7",0,0,0,0,0,0,0,0
"aeaff43e42f05d810af22db9735ce0f2",0,0,0,0,0,0,0,0
"ec022f7f636d7f9cab5fecc8544d75bb",0,0,0,0,0,0,0,0
"435f0c6ecc2b9a7be7248788bf0a8156",0,0,0,0,0,0,0,0
"5c2e162e3fcce23e3112e620def6b259",0,0,0,0,0,0,0,0
"5d89b80056b04e0cd2b1f025211e9aa8",0,0,0,0,0,0,0,0
"ace9f347c03bf6958950f6f23eb2b69f",0,0,0,0,0,0,0,0
"204061fd3506eb3ef2240cd17a08ddb5",0,0,0,0,0,0,0,0
"c76aea59019f8d4e708f3a6bdf9a6061",0,0,0,0,0,0,0,0
"50f017ffe051b194d82cd738e7607925",0,0,0,0,0,0,0,0
"1c7bf54715be40e6a42bb0eb8b41bf41",0,0,0,0,0,0,0,0
"35fa8bb19b6a5442ddc9d92e70fd85c5",0,0,0,0,0,0,0,0
"578094f660391621c581fa2b452963ef",0,0,0,0,0,0,0,0
"7023e1c871fd7274270b0cc155fff13e",0,0,0,0,0,0,0,0
"0ced3aa1559e90512869188be117360d",0,0,0,0,0,0,0,0
"96d3862897c03b1ec9e3bcb6d942f625",0,0,0,0,0,0,0,0
"bf3be6875c2b92070605700aebaac3a8",0,0,0,0,0,0,0,0
"5e6ef9e024e09478fa398a9ee0893816",0,0,0,0,0,0,0,0
"8f2ddb8d1729fc35598d70fbcbd1b1af",0,0,0,0,0,0,0,0
"6c8f795e879f97af6bbf0a5f9f80c30e",0,0,0,0,0,0,0,0
"4a4ae412077d720d6e20437907dbf5d9",0,0,0,0,0,0,0,0
"08d2bfcfd0069ab6dab966a83b1525eb",0,0,0,0,0,0,0,0
"ea44c627c5f751d68fd9344cd61c0abb",0,0,0,0,0,0,0,0
"5ee9194d3099caf1ff99fcb37ada644c",0,0,0,0,0,0,0,0
"3bddce8445785bc4c8e44baa5047d4f2",0,0,0,0,0,0,0,0
"d685ccd822bc6be700f5cc78a8671d50",0,0,0,0,0,0,0,0
"ed2a98e1d8ff278e4bc8ce7d15ccb736",0,0,0,0,0,0,0,0
"b13ddde0069c565c7a349e070a5b01e8",0,0,0,0,0,0,0,0
"9bfcc395198f6c05b9039d770c701c97",0,0,0,0,0,0,0,0
"aa59436f8ab4de19b8d8d6a3e48e98c3",0,0,0,0,0,0,0,0
"d86ecea421630baa87ba599095647247",0,0,0,0,0,0,0,0
"60381c658e672cacaf30088fdd969a11",0,0,0,0,0,0,0,0
"c4576498e6b8f83eaf69e2d6de6a5e41",0,0,0,0,0,0,0,0
"4122af4764f9146379936119ab3a9668",0,0,0,0,0,0,0,0
"441dad84ee7ad23bcc860c5c80782b29",0,0,0,0,0,0,0,0
"5349a99aca67fce161e051d82b05af44",0,0,0,0,0,0,0,0
"cb1aa5310a39b5f105a228a613f261d7",0,0,0,0,0,0,0,0
"6878b3da0ea6b4bff43d8e9eae718897",0,0,0,0,0,0,0,0
"dcf939dc2f792b859cfaf8c7302cbfda",0,0,0,0,0,0,0,0
"74b35d1c911e9b7b0bc42adba715320e",0,0,0,0,0,0,0,0
"40832eb841c1f2272e0d23b21bfeb9b4",0,0,0,0,0,0,21,0
"74d8fe7833e8e7876bfd6f287784f9e0",0,0,0,25,0,0,0,0
"0fedef695a6b95404d2bef84903d1caf",0,0,0,0,28,0,0,0
"54d342da3184158977715dad60fa1840",0,0,0,0,0,0,0,0
"6ec5f366e6d3857f87b4a431c75a43a4",0,0,0,0,0,0,0,0
"231e7d625fbbe5202830f83364a8a44f",0,0,0,0,0,0,0,0
"609f592edb55eab2ff0ac1e5e3a6784d",0,0,0,0,0,0,0,0
"e049143566fdbf636b45c8c4204cd8df",0,0,0,0,0,0,0,0
"3569a329ea985b4c4e3170d58e8b9ac1",0,0,0,0,0,0,0,0
"178f4ffcb9acecaa904851fe68416ae7",0,0,0,0,0,0,0,0
"d3c00ff63119876bf44a4d94349c02a1",0,27,0,0,0,0,0,0
"8da9199f039706aedfe280884ad06caa",0,0,27,0,0,0,0,0
"aa4c1b39bd3f9b59a6d7aa05b4a1496b",0,0,0,0,0,0,0,0
"590095a8b45b80550ec775185190e632",0,0,0,0,0,0,0,0
"47c9b81665325af8ac9d7e8fa48f083c",0,0,0,0,0,0,0,0
"79ce7dadc97f62cf7429f156627ea78d",0,0,0,0,0,0,0,0
"1696461406830c22ce43594131d46d27",0,0,0,0,0,0,0,0
"dcbdb85393562181f14e4cd7847a1a63",0,0,0,0,0,0,0,0
"549587755950c963167f8d90cfb152c5",0,0,0,0,0,0,0,0
"2272ef54034f8ee5404cc5601865e21d",0,0,0,0,0,0,0,0
"7c620f0514ef879c56c6b5a008620d3a",0,0,0,0,0,0,0,0
"4b0b1066003b45ef1f585f590a9fd25e",0,0,0,0,0,0,0,0
"43f151b00b9183e0e645bcb5f0839d2d",0,0,0,0,0,0,0,0
"110a9cef69415098d18789d45046748a",0,0,26,0,0,0,0,0
"e867c729ef19ace6473c715a9c6dce74",0,0,10,0,0,0,0,0
"2a8d390ab96abbc630eaf71df8084af9",0,0,0,0,0,0,0,0
"4c68956473f5ee53ea98cabee1bef60f",0,0,0,0,0,0,0,0
"65b81428c04fe1ce142c7c1843a5bc94",0,0,0,0,0,0,0,0
"f96b5ca55264b2a70631be3f0f8d1ced",0,0,0,0,0,0,0,0
"aa1d4393e3bb924e645242ad13861e60",0,0,0,0,0,0,0,0
"fa39dce9ba93e4cc08af2a1c535c8e52",0,0,0,0,0,0,0,0
"74bd90155f4f3630d711d3df6231bda0",0,0,0,0,0,0,0,0
"fe07219d6010386ad3e9488d3272747f",0,0,0,0,0,0,0,0
"3c74db5d8ce9990fa40f372285e50d7c",0,0,0,0,0,0,0,0
"dac9ae1af909cd5e9a49602f8283ed2a",0,0,0,0,0,0,0,0
"8147acda53d8403e11536cbd946777bc",0,0,0,0,0,0,0,0
"c80590e353b676bb3484994aeb2f36e9",0,0,0,0,25,0,0,0
"4632eeb0cbb5fb359c2c75f337cef8a9",0,0,0,0,0,0,0,0
"1d3fc501f0c98dd45ce656d790542c91",0,0,0,0,0,0,0,0
"27ae3a5e69a40f956eda2f06cd6e2ceb",0,0,0,0,0,0,0,0
"6381dbfebf7a6e8db6b137aa7e6ee351",0,0,0,0,0,0,0,0
"ac7f4a447f8289018bc87c81853d8b43",0,0,0,0,0,0,0,0
"2f42881590024a859c9612d1acc7f6c2",0,0,0,0,0,0,0,0
"407bcce1cc008cc04f24e9bc112f5d36",0,0,0,0,0,0,0,0
"8db9228b625a8c4832168d5fa6ed364a",0,0,0,0,0,0,0,0
"588574cd4030ae598ed1eeb34cddd50b",0,0,0,0,0,0,0,0
"3210b17007d2cbe68c597020e7e5e358",0,0,0,0,0,0,0,0
"885c1ee37a3aa7cee79ea4b48dc26b66",0,0,0,0,0,0,0,0
"1f77e8fd75d5edf5706dade37459bf99",0,0,0,0,0,0,0,0
"2903678bddd1787ec0d447df1381fb78",0,0,0,0,0,0,0,0
"6c6fe515be90842c7cc2c5f2874de116",0,0,0,0,0,0,0,0
"5126309b74836c325f91c1f4e413bde8",24,0,0,0,0,0,0,0
"32843d93e55f35dab997b4daaa860a63",0,0,0,0,0,0,0,0
"aed48773716a3e124891873c7c6bfd20",0,0,0,0,0,0,0,0
"db3dd1f499b06d62182930455e3d0cf3",0,0,0,0,0,0,0,0
"b32ddf798280fc4387815240406f5aa3",0,0,0,0,0,0,0,0
"43616154f6599f9d89b4c7af085ec94d",0,0,0,0,0,0,0,0
"6125e3c1d4a213755e8ae3d013635a0a",0,0,0,0,0,0,0,0
"78436eeb070d57188a2e5c4c097594d9",0,0,0,0,0,0,0,0
"66d0b8180c8261de9e11edaecc0994f1",0,0,0,0,0,0,0,0
"bf1ba807822d047cd54806a9c1c39a28",0,0,0,0,0,0,0,0
"30197794fac15b0f2135e1c614ac066c",0,0,0,0,0,0,0,0
"55bc0442dd97584723c400930ca08f03",0,0,0,0,0,0,0,0
"7e5fbe87f5af96e37bb0a2a9f84145aa",0,0,0,0,0,0,0,0
"534d5fe9327dcba4b01830dd962abf2c",0,0,0,0,0,0,0,0
"a43fc9297d517de1a6c607e1115005d0",0,0,0,0,0,0,0,0
"3928ce713b0585e067ae4dc2795cee77",0,0,0,0,0,0,0,0
"c99a427568b7b5f6f3b4ce7845cfb5f0",0,0,0,0,0,0,0,0
"9bcd4f5371d21884ea4230df73a05895",0,0,0,0,0,0,0,0
"99711548843c336e8aed397114544bc4",0,0,0,0,0,0,0,0
"52edebd22281b35d42f116a2d6fa0482",0,0,0,0,0,0,0,0
"da27176c2cce8781f6e9a43b6df1eead",0,0,0,0,0,0,0,0
"5a949177f98ecc440b23c6c6641dd883",0,0,0,0,0,0,0,0
"d1681ddc01d6b1b9a260dca51717cd4d",0,0,0,0,0,10,0,0
"214cf8834fcdcc770c61ca9b268fab48",0,0,0,0,0,0,0,0
"59aa5885f6fbe7e5c374918493acfff4",0,0,0,0,0,0,0,0
"16703da89e9262629a9b285401f53a5a",0,0,0,0,0,0,0,0
"bcde6984225fc155a47d1c50b45f4f74",0,0,0,0,0,0,0,0
"e6aa56cea5eddfe1889bea037bda570b",0,0,0,0,0,0,22,0
"d851af41152f728b3374bf085f71ee50",0,0,0,0,0,0,0,0
"74456c643db80258f3b5c0a36e221bfb",0,0,0,0,0,0,0,0
"c872c6ae3d499aff07a727b9273d2f3c",0,0,0,0,0,0,0,0
"66158e402662ee74b8e7c33a93e1a6dd",0,0,0,0,0,0,0,0
"cbb8501ac48e7ce1106e217c354ebe3f",0,0,0,0,0,0,0,0
"a503010c9fc4c4d70f27613e921a60d5",0,0,0,0,0,0,0,0
"00d4255b81e9f626203e913ed41ea08f",0,0,0,0,0,0,0,0
"28b128a7f904aef4649efdcefa17b6fa",0,0,0,0,0,0,0,0
"cc81cb4c7aeb9a8f8f604e66e5791448",0,0,0,0,0,0,0,0
"700c72ea7e39ce49d8a212f73cd7eac8",0,0,0,0,0,0,0,0
"f1225943d16c880a02a6cc2a4500e803",0,0,0,0,0,0,0,0
"e5c2ee27d759657157880fc6209e5c81",0,0,0,0,0,0,0,0
"e71783caf2864974b930b1b5e75c13ed",0,0,0,0,0,0,0,0
"db389d0d3f349c0555ac40e600851146",0,0,0,0,0,0,0,0
"5dcdcf41c20b1e88525cad8c41ba223c",0,0,0,0,0,0,0,0
"d208d7284b37318a70f8b0d48ef02967",0,0,0,0,0,0,0,0
"56c5b3baf3e6919da506445e5a7209c7",0,0,0,0,0,0,0,0
"882e288d051e0a8c5a474926a1eab23f",0,0,0,0,0,0,0,0
"b4cd93a409081547fd30ea95b6a960bd",0,0,0,0,0,0,0,0
"fcf8fd6fc6e9be14ed207b9faefb0ebe",0,0,0,0,0,0,0,0
"fd8f658748ee9133a4db1de960e1cd56",0,0,0,0,0,0,0,0
"1b846f9dbf60179e400eff8db19a69d1",0,0,0,0,0,0,0,0
"2a9ca2c659bb821dfe763df6932b913a",0,0,0,0,0,0,0,0
"076ed4ac418ad3738b5a25afd2ae7344",0,0,0,0,0,0,0,0
"e1e34a05a83863db933a42db475654a1",0,0,0,0,0,0,0,0
"d2abb6c81e73c30fb3c58849f50dc8aa",0,0,0,0,0,0,0,20
"45735b162610a2727554a0c97da7bc69",0,0,0,0,0,0,0,0
"d2ad85a12cda1adc8e5c18939e8bbc08",0,0,0,0,0,0,0,0
"79b8908736b64fac0d22d4b24bea325f",0,0,0,0,0,0,0,0
"a3169d8e279e7f718f9f4ad8dd35a257",0,0,0,0,0,0,0,0
"8ff5cb5d31bdf4e5b823982e62bd07e2",0,0,0,0,0,0,0,0
"4c3d68b9c282ce25f1dcfb05fd8fef59",0,0,0,0,0,0,0,0
"1c0e575aff0f04e7f2a3688b801fddc5",0,0,0,0,0,0,0,0
"b1a2779f13a9154e2405b05b70edfb7c",0,0,0,0,0,0,0,0
"39e4d8574a43750125cb24b48e717025",0,0,0,0,0,0,0,0
"6ac1e2036b778b5a3a8ad92c5b7c5307",0,0,0,0,0,0,0,0
"b5b767f61a89151be1fd1826f27aedd5",0,0,0,0,0,0,0,0
"ad5af4ce128b509849dbd9b53ac04d9d",0,0,0,0,0,0,0,0
"817cb999f8a6bc1bc432d7576198fcc4",0,0,0,0,0,0,0,0
"e5b938a1062ea3420d6c4c49ef7b9fdd",0,0,0,0,0,0,0,0
"41c20db3300069f374fc713214cc27dd",0,0,0,0,0,0,0,0
"b622f7647ff4b6a0787eeca67d7cb229",0,0,0,0,0,0,0,0
"eb3767853dade7ad52583bdbdad4533f",0,0,0,0,0,0,0,0
"cb4817d4127e5bfd15284e7fb01b44e6",0,0,0,0,0,0,0,0
"ab5143166ea631c4386f8ada8005a5bd",0,0,0,0,0,0,0,0
"e1b0244575668612072911936012fc5a",0,0,0,0,0,0,19,0
"263005f8a5b92d7b2dfa1618d1082c6f",0,0,0,0,0,0,0,0
"32c32c8df0ae10f9075cbd8439f2ead1",0,0,0,0,0,0,0,0
"4dd4de28a221ab47fab9355ef2fe5cce",0,0,0,0,0,0,0,0
"9b4e1b697cfab428535cee36a0b82639",0,0,0,0,0,0,0,0
"b8f02a07c83b5bcd8603d2a40f70ebb4",0,0,0,0,0,0,0,0
"cd30fb1d2d1af733288d25715b46c83e",0,0,0,0,0,0,0,0
"eb722506b3cb6def2f2a6bba391c62f3",0,0,0,0,0,0,0,0
"b86d88de6d43dd97c072abfa5d2817c0",0,0,0,0,0,0,0,0
"faf0b086824f4d387e02accf4293f987",0,0,0,0,0,0,0,0
"6e27b51987333a742dca8d474c29fcf7",0,0,0,0,0,0,0,0
"b51189c09fe0946a0f7e22b0f213ce5c",0,0,0,0,0,0,0,0
"7f24d351bdd93a0dc8a128f9bbc0807e",0,0,0,0,0,0,0,0
"3713acf0c1e777185928bd49c294659b",0,0,0,0,0,0,0,0
"e79ab3d0d257fb722cee4f238ad424dd",0,0,0,0,0,0,0,0
"1ff60e6f9469835922bb960174a4cef4",0,0,0,0,0,0,0,0
"49ec56e79c94d040ec3994d5adc5c9f8",0,0,0,0,0,0,0,0
"124e74551f5e229f425494a503d76a73",0,0,0,0,0,0,0,0
"65bf206990fe395661e8f0357311f720",0,0,0,0,0,0,0,0
"c5ddd34a3a1bc3edb8946f089a09fdf9",0,0,0,0,0,0,0,0
"b06aaaee4606958f5a245e26213032d1",18,0,0,0,0,0,0,0
"b6a93727650909a0e7c4a6d9a82dcc51",0,0,0,0,0,18,0,0
"d43a73cf4b9c4fe2d4adb2ecb85fbda2",0,0,0,0,0,0,0,0
"f6497b128eabdbc2130388b819bffdaa",0,0,0,0,0,0,0,0
"3db54dd003000f6d89300583ac011da4",0,0,0,0,0,0,0,0
"71602f89492a7e4fce6007756d2ad19c",0,0,0,0,0,0,0,0
"0a43b0086d091465db2fc986eb3acd55",0,0,0,0,0,0,0,0
"e4b607851a5f3fb4b7665aaf8c76530e",0,0,0,0,0,0,0,0
"5b5b29d364a07a7d29cbe45c9fcb4cee",0,0,0,0,0,0,0,0
"f778229d69ea0c0c06f5492e427774da",0,0,0,0,0,0,0,0
"ef51b5fe003b25ff49f806ef646af8a6",0,0,0,0,0,0,0,0
"5121fc320c79326f605505b955e81e30",0,0,0,0,0,0,0,0
"e90bc13ada1448f3e3fc3803c25aa1b4",0,0,0,0,0,0,0,0
"40a36f6a554bd50c5c6a34cc743a01b2",0,0,0,0,0,0,0,0
"4538a3369948192615d4f7c891d394e7",0,0,0,0,0,0,0,0
"f5166a4b2e651f3b2b0df023d8eb29ba",0,0,0,0,0,0,0,0
"d2ae746024ff1c5b6373140066f4009a",0,0,0,0,0,0,0,0
"759ee9fc067cc25f1efb5e6be23777b2",0,0,0,0,0,3,0,0
"1f9a8d7ab1a06b6a59f499761de677c3",0,0,0,0,0,0,0,0
"2918916218ae163b190adbadd0e219cc",0,0,0,0,0,0,0,0
"ae82b1ed811c2ea39ade041ac57bcf96",0,0,0,0,0,0,0,0
"ad6af17b2182dc22cb2ae4956e16ab1c",0,0,0,0,0,0,0,0
"5e2bd1f353988201de0f94b4a2702801",0,0,0,0,0,0,0,0
"3a35ca4bfa9c4e3b1acb1f8893cc9fc8",0,0,0,0,0,0,0,0
"44f9d26bcb4e7acd4f7df689d3821f01",0,0,0,0,0,0,0,0
"e501f551aae7bef7679b9c0d81c0606b",0,0,0,0,0,0,0,0
"17d5917eebbb763461556b41de962b5b",0,0,0,0,0,0,0,0
"40c9b3dc94c21a7d3c0686f193ded758",0,0,0,0,0,0,0,0
"353e582acaf5a708d2ac41e9f7f4ad23",0,0,0,0,0,0,0,0
"15de4ce0cbee347cc5da045176b5c99f",0,0,0,0,0,0,0,0
"721b2c748c9e52bf6be7fdfe8cbf1562",0,0,0,0,0,0,0,0
"be1482248ac3f80c28d935a8d21f7a6d",0,0,0,0,0,0,0,0
"bf410906f592eb13237de615b8ce94cf",0,0,0,0,0,0,0,0
"c1fc265270f53de1b1ce60b8cbf1dc93",0,0,0,0,0,0,0,0
"c62f082aa2db92fa581190178daf06f1",0,0,0,0,0,0,0,0
"6861f495dfeeda582ec8f97b64b8a889",0,0,0,0,0,0,0,0
"fe168fc98eae2e2a0a5ba3ce24535d11",0,0,0,0,0,0,0,0
"b33b6a4e513a4f75face8dcc5a41b4b8",0,0,0,0,0,0,0,0
"9a4022ba3a0244ec846386809850ae51",0,0,0,0,0,0,0,0
"4ad7a3966c8019db9d888006369cd87b",0,0,0,0,0,0,0,0
"5073d5f58c70407f76f6f1925cc3fca5",0,0,0,0,0,0,0,0
"8b62d6867fccd8efc511454457c02082",0,0,0,0,14,0,0,0
"7953e08ae1700754e8a79dd3a8a729c3",0,0,0,0,0,0,0,0
"def3c30e074b3e5c658874a112423e7d",0,0,0,0,0,0,0,0
"4a74c349d6441ea54d021577254283e7",0,0,0,0,0,0,0,0
"44b7af9f7278a2cc83a7b96fae782f70",0,0,0,0,0,0,0,0
"6acaa7bb0114abd2b6bc602ac05118b0",0,0,0,0,0,0,0,0
"d3d8821b44f3bf03826724745f4c9acb",0,0,0,0,0,0,0,0
"3a034542c9c4bdbca10946d92ca46c3d",0,0,0,0,0,0,0,0
"827412ac0f5b7846b22a58472ec8b6c6",0,0,16,0,0,0,0,0
"c244a54471ad85af8d0502ea5c7738de",0,0,0,0,0,0,0,0
"f8e03bd8d5c0037b24a6df24a7612899",0,0,0,0,0,0,0,0
"b0d9a63279b565d5814144ec05370f5e",0,0,0,0,0,0,0,0
"f1e2076a23c0213de140125f9725d016",0,0,0,0,0,0,0,0
"67073f6445a58911731e11d625f1f380",0,0,0,0,0,0,0,0
"d101790d728958ec72982fee422cb59b",0,0,0,0,0,0,0,0
"5d9c8da11a719ed33a32ae342ac3be10",0,0,0,0,0,0,0,0
"4c721c2fb8aa7559bfdefc7a98460f8a",0,0,0,0,0,0,0,0
"bcd7c4ae1471364e09c10179e9dffe39",0,0,0,0,0,0,0,0
"17f2745cce4273975b521973564a29b1",0,0,0,0,0,0,0,0
"57bf5afb1777c7d100e713eb11861ab6",0,0,0,0,0,0,0,0
"b1e279e51aa5deb2c75a292325376168",0,0,0,0,0,0,0,0
"6c46eff23d8375320d5b6e50d928c764",0,0,0,0,0,0,0,0
"87d89668e80345bc98bb81f4e06e8a6b",0,0,0,0,0,0,0,0
"989901da4d0213d5955a68a507f71db1",0,0,0,0,0,0,0,0
"66d3bf1e99e38f8dec7af0f72e64f335",0,0,0,0,0,0,0,0
"1c3b3d6b5540ae4459f826420b48da10",0,0,0,0,0,0,0,0
"3c0c6510a8c7bfb052860fff1704270e",0,0,0,0,0,0,0,0
"a91adbef7742b52747cc722198c799ab",0,0,0,0,0,0,0,0
"7d4937b4c6e3c6945767d184fe3002bf",0,0,0,0,0,0,0,0
"0eee2236f2a9234bc29d97bc7441b26a",0,0,0,0,0,0,0,0
"f7ec06590ed74bce7085611152ccd9f9",0,0,0,0,0,0,0,0
"a40415de14052903e53117f6e8a19ab1",0,0,0,0,0,0,0,0
"dc4a7ccad9bcb3b7801666f3523bafd0",0,0,0,0,0,0,0,0
"c99c3d8fbbdf12d7ea0a74e0d20f8f75",0,0,0,0,0,0,0,0
"e0cc08c9881a0009585c18bb5453810d",0,15,0,0,0,0,0,0
"ecac4b75a3bc4d97f58dbc554854de3f",0,0,0,0,0,15,0,0
"4fff48aefcb6e3b3b741c3a0571905a7",0,0,0,0,0,0,0,0
"fe39a428ef7b48bb8fdbe4aaeec995b6",0,0,0,0,0,0,0,0
"f309be67fe21f7bb7e2173014ab33b25",0,0,0,0,0,0,0,0
"1b85eb25428805b055e9ce40f9f28e7a",0,0,0,0,0,0,0,0
"2fb2c7906239bfe0b2277c3524a3bc35",0,0,0,0,0,0,0,0
"307ad4a803d163b580014500fd9ecfbd",0,0,0,0,0,0,0,0
"48deb942941c4d39427391c14bbc7005",0,0,0,0,0,0,0,0
"9e5436eb0a4ff4174054ce5ae24b1296",0,0,0,0,0,0,0,0
"95031130d03188b67036d25ecbe374b3",0,0,0,0,0,0,0,0
"fc4c5ca9345e93fb33281c10777dac17",0,0,0,0,0,0,0,0
"a8145dd73c1e8f6671f6cea4bff762ca",0,0,0,0,0,0,0,0
"a060672c5d684036c67abcb7e08c7f6d",0,0,0,0,0,0,0,0
"de68661b5d3fbbca0569c4d31aa897e0",0,0,0,0,0,0,0,0
"d2e65a996fb209bf72b5975a8cdb8450",0,0,0,0,0,0,0,0
"649f0d65b5b50e0c217ae09a02c5b07a",0,0,0,0,0,0,0,0
"dc0de7f8296a7667550b3bbb699fc754",0,0,0,0,0,0,0,0
"e504fae08c8bd2e7a316231a4b38ba54",0,0,0,0,0,0,0,0
"34bf319fd2a0dd885aa9fcaa03523fdd",0,0,0,0,0,0,0,0
"e3c45664792e0c81068e81f813b88372",0,0,0,0,0,0,0,0
"c65e1b2e615b0272ff4daa498daf5acb",0,0,0,0,0,0,0,0
"c12a8f6604544bc667cb68df6e0c87ea",0,0,0,0,0,0,0,0
"fe49494a20613aaece54483daf5e3a7d",0,0,0,0,0,0,0,0
"7f54d0f181c7dd701e5b2a3587217aa2",0,0,0,0,0,0,0,0
"da3b7e87d5742615ef02590c89c99d5e",0,0,0,0,0,0,0,0
"e0eafc0156a590af9f99ef1db1068c86",0,0,0,0,0,0,0,0
"a2e0c759604a49c10ac3eed5fb1e0438",14,0,0,0,0,0,0,0
"999a7397a285cb63bfb24fc2bdc82d92",0,0,14,0,0,0,0,0
"4c53f5e368209f59dac1d929f60c7a18",0,0,0,0,0,0,0,0
"aa613b0e45f7bb06b1d3267dffea1286",0,0,0,0,0,0,0,0
"038eacd0c99eda6fbb74fb35db530ca8",0,0,0,0,0,0,0,0
"05ac91b2a591292fe29c2a39b238e628",0,0,0,0,0,0,0,0
"4b0e94f35106213e1bb4e86457911b09",0,0,0,0,0,0,0,0
"871e84b5c5933108d2449b87c0d500e3",0,0,0,0,0,0,0,0
"468213dd8c21245bc011d973c6bd649a",0,0,0,0,0,0,0,0
"1abc65e09b9969d4c359f1218847e7a4",0,0,0,0,0,0,0,0
"cf60699b4adccd000f0d82267c7efe4a",0,0,0,0,0,0,0,0
"6424b515572ba4888d5df4d898783859",0,0,0,0,0,0,0,0
"69761817039330888495316615af8de6",0,0,0,0,0,0,0,0
"0190de7de89d8a8ea4fa0ad10ca1d43f",0,0,0,0,0,0,0,0
"86257b3a5dea0694773eb2484bd34ca5",0,0,0,0,0,0,0,0
"500d57e4d12cc186a53f984c1496f257",0,0,0,0,0,0,0,0
"fc771c09f5d0506644c01d4e45e8ddd1",0,0,0,0,0,0,0,0
"f0edced74635f427ba687a9bafa46718",0,0,0,0,0,0,0,0
"4d683919ab2cbbc450016b9749f9e198",0,0,0,0,0,0,0,0
"f34b53be7b23aa044d68428c0d84e6fc",0,0,0,0,0,0,0,0
"ab7cf14bc74b608b4975ca90baba948d",0,0,0,0,0,0,0,0
"90b5382050bbed119cec547459a0f120",0,0,0,0,0,0,0,0
"9fed3a2e9aef34243e5a17f9416f5c90",0,0,0,0,0,0,0,0
"ed1b3a26b67cec74bf7f4cbb08c3fb64",0,0,0,0,0,0,0,0
"4fc9cdeed99888df4a377a65d8265cde",0,0,0,0,0,0,0,0
"acefe35f35f918d657b6e777efbf7fb1",0,0,0,0,0,0,0,0
"8d5d91ed8994fc80245ed6932f966007",0,0,0,0,0,0,0,0
"dd4b42686857a797e6a0189fed411d02",0,0,0,0,0,0,0,13
"3b97211a56468b1a95d487be9ba2c446",0,0,0,0,0,0,0,0
"1674bcb194f299c4c6527acefb88ead1",0,0,0,0,0,0,0,0
"f9592abd05316b80c0e68b3bc3312b03",0,0,0,0,0,0,0,0
"41baae347e22d351194c4c6a554435cf",0,0,0,0,0,0,0,0
"2b72e94047f3b892534ba9fe8354ad45",0,0,0,0,0,0,0,0
"80c30e3cdde42aabd42b095b9686edfd",0,0,0,0,0,0,0,0
"dfd8cba3150be204d65c87136491c759",0,0,0,0,0,0,0,0
"91247d211f364a5898e527c35a8ac6d9",0,0,0,0,0,0,0,0
"2902cead21159d4fa5add11dc720a6d8",0,0,0,0,0,0,0,0
"6b80ffa3f60ca68ba67317b027a88901",0,0,0,0,0,0,0,0
"8003343fb97aac8b25ca13c02def1b0b",0,0,0,0,0,0,0,0
"8e9653889841f4ef72e9e3cd159d126e",0,0,0,0,0,0,0,0
"af2a98dbd879dd3178779443a630917a",0,0,0,0,0,0,0,0
"5be43bc249f66b660c6641cf6f0d37b6",0,0,0,0,0,0,0,0
"a050b2ef73f8454190a7592e89965c67",0,0,0,0,0,0,0,0
"e7525d3e5ca1a0a999f3ad008c9a6df2",0,0,0,0,0,0,0,0
"0e21bbe737cd1e34369ab17b9c350d6a",0,0,0,0,0,0,0,0
"3698c0b4741d4b91d10079f8e254fc08",0,0,0,0,0,0,0,0
"268cc82c21148f29a75dbe9b699eeff4",0,0,0,0,0,0,0,0
"96275278bb84aa8c157a9d6cee4e848e",0,0,0,0,0,0,0,0
"de051638751d60997f14a0bd0d7d530b",0,0,0,0,0,0,0,0
"75018009a0f8325cbf61af367b853320",0,0,0,0,0,0,0,0
"892ddefa01522b85539d2335c2301e54",0,0,0,0,0,0,0,0
"ae6b663d9658b4187f0146e018aa95da",0,0,0,0,0,0,0,0
"cfffb917cafa0904b8d6dc401409f609",0,0,0,0,0,0,0,0
"e1bddb08022107c0c9c40948050a9169",0,0,0,0,0,0,0,0
"e362d005d4977715796939d0cb73e776",0,0,0,0,0,0,0,0
"f3220bc2bc46c7aeb2af602d156d5541",0,0,0,0,0,0,0,0
"177bb9af5cf3b6570a0acf0ac53a629e",0,0,0,0,0,0,0,0
"3572781281d9aa915ce3ef29b98a1233",0,0,0,0,0,0,0,0
"375155ce535f4f391f839e8a49dfac33",0,0,0,0,0,0,0,0
"72d058dad37877ca33d8396ac84652ca",0,0,12,0,0,0,0,0
"419d2a00340dc8dfc8c5151b51ece3fa",0,0,0,0,0,0,0,0
"575d5788fb3b57b90ad19d030c8acba3",0,0,0,0,0,0,0,0
"08f5208473d29c5d12ea5ab3233b96dc",0,0,0,0,0,0,0,0
"c9ba40c7e8ba172704784b19b9bffbee",0,0,0,0,0,0,0,0
"aab3cc7eac4a5926d7ec63f61906f2f0",0,0,0,0,0,0,0,0
"0067b7e669f011ee11666661574f7675",0,0,0,0,0,0,0,0
"66b78e53795e8e83ce4b1ce9d7e7a20a",0,0,0,0,0,0,0,0
"627d369e2a71b3aac465359dad4cb2ee",0,0,0,0,0,0,0,0
"70bfd38fc817a5cfaeea9910d189297c",0,0,0,0,0,0,0,0
"c3339e70f5088e45b957e0d098d49193",0,0,0,0,0,0,0,0
"9d373fdb2c139711087c852fe7875f99",0,0,0,0,0,0,0,0
"a96143b7ca302095e9c963bc58ee2467",0,0,0,0,0,0,0,0
"88311602996d9d0fddb19130e9b1c89e",0,0,0,0,0,0,0,0
"8443cc546277103c9f14abec9f42383f",0,0,0,0,0,0,0,0
"671459428ccc29cbd98f2c7190e547f9",0,0,0,0,0,0,0,0
"22bd3def5df0b3af3903afd1cb6de244",0,0,0,0,0,0,0,0
"5a2cb127b5ce878070e16fefdb213562",0,0,0,0,0,0,0,0
"5e0f743eeb89758b961db423ae84a5f0",0,0,0,0,0,0,0,0
"4a000cef93e8dffafb833172645e26c7",0,0,0,0,0,0,0,0
"b85307c9bb422da5ce5de9686c67b54f",0,0,0,0,0,0,0,0
"b6176841c9363a5b51b9c473e0e5660b",0,0,0,0,0,0,0,0
"c7e9ec43bbe09f6c075fe1f86b6894f5",0,0,0,0,0,0,0,0
"115bf860d51e45a9104c03930fb4d6c9",0,0,0,0,0,0,0,0
"d394281d7b292d702708cbf3043c4398",0,0,0,0,0,0,0,0
"909c5fa12fc9af9a634faf9e2fea6fd4",0,0,0,0,0,0,0,0
"959d1da28955f2d1d93ddec62402df7f",0,0,0,0,0,0,0,0
"cdb335b309a1b4ca9b03247a307524e4",0,0,0,0,0,0,0,0
"61d60953128e9602cf838cac345f1355",0,0,0,0,0,0,0,0
"42186e6c8f68f0af63aa0ad9f8cf6a11",0,0,0,0,0,0,0,0
"de7b73d165943d55d6ab05ee549c4cf2",0,0,0,0,0,0,0,0
"6be2ef30289955da111b6017a23c96ec",0,0,0,0,0,0,0,0
"3495504e5b634d9339e644590ec0711b",0,0,0,0,0,0,0,0
"267791af6c4e3ac0881446d3de449a4a",0,0,0,0,0,0,0,0
"7c6a714746f1bc4df15fb9cfc3dc4c90",0,0,0,0,0,0,0,0
"dffc50325535ee447ad65f6a62fb0d00",0,0,0,0,0,0,0,0
"08de1611a648a4c2f2e7a1879d0a53c9",0,0,0,0,0,0,0,0
"252d26cbbc2207711aaa83df91a461fe",0,0,0,0,0,0,0,0
"be25efe378256d5ef227dcf5ec839f09",0,0,0,0,0,0,0,0
"64a802d4d03066d66a8f9c61ad5d4a7a",0,0,0,0,11,0,0,0
"d88962df86cb483b88e7227efb652326",0,0,0,0,0,0,0,0
"817bd4983aee803cd95abf6394f8696e",0,0,0,0,0,0,0,0
"1cd7950dd2b6b90ecae9597f49925b39",0,0,0,0,0,0,0,0
"20b393a3f9d3fcd8d5de0119d7122480",0,0,0,0,0,0,0,0
"2b74feee7d69a1e6a902d8ccce9ab183",0,0,0,0,0,0,0,0
"96b8b3964ab9339cab93bbd77352a9ca",0,0,0,0,0,0,0,0
"96d5a99ee74c268188dd7f0c9642fa5f",0,0,0,0,0,0,0,0
"77e975eb4e86867fe8a1a4a222714f7c",0,0,0,0,0,0,0,0
"25e11f2045c905fbb39f766883eb69c9",0,0,0,0,0,0,0,0
"3844ae783466a2ef9b243f68c4fa71ee",0,0,0,0,0,0,0,0
"a5f02c88f4bd07af753c0787710a6367",0,0,0,0,0,0,0,0
"bd3adc6214df6a2d8d6890459da8ad5b",0,0,0,0,0,0,0,0
"27c5f8e7d33aa14700391f5a57ead0e0",0,0,0,0,0,0,0,0
"0c6be2f1306b70e76f6aba69b1ab5b93",0,0,0,0,0,0,0,0
"7bbb77961d1e324e1d52013da3040d99",0,0,0,0,0,0,0,0
"81c8fb6ade4a2a205ebc9edd13c36287",0,0,0,0,0,0,0,0
"168647e9e55ed8c1153feffe02ab9e26",0,0,0,0,0,0,0,0
"f6fd701abbf60133daa3b23fc6f8abc1",0,0,0,0,0,0,0,0
